Listing Title,Airbnb URL,Listing ID,Estimated Rental Revenue (Range),Estimated Rental Revenue (Median),Estimated ADR,Estimated Adjusted Occupancy,Active days,Booking Window,Length of Stay,Dynamic Pricing,Min Stay,Professionally Managed,Bathrooms,Max Guests,Listed Price,Listing Type,Is Active,Economic Category,Blocked Days,Rating,Reviews,Beachfront,Hot Tub,EV Charger,Kitchen,Pool,Pets Allowed,Smoking Allowed,Air Conditioning,Cleaning Fee,Guest Favorite,Host ID,Cancellation Policy
"Furnished New Apartment At Yonge & Eg","https://www.airbnb.com/rooms/999905311216447233","999905311216447233","0-0","N/A","N/A","0","205","N/A","N/A","None","28","Individual","2.0","4","248","Entire rental unit","Yes","N/A","161","4.27","N/A","No","No","No","Yes","No","No","No","Yes","0.0","N/A","437066393","Flexible"
"A Little Heaven","https://www.airbnb.com/rooms/1254085237893054148","1254085237893054148","0-0","N/A","N/A","0","126","N/A","N/A","None","28","Individual","1.0","1","105","Entire rental unit","Yes","N/A","240","3","2","No","No","No","Yes","No","No","Yes","Yes","4.0","N/A","554706736","Flexible"
"Comfy Cozy And Clean","https://www.airbnb.com/rooms/1069772932450958484","1069772932450958484","0-0","N/A","N/A","0","216","N/A","N/A","None","28","Individual","1.0","2","152","Entire rental unit","Yes","N/A","150","N/A","N/A","No","No","No","Yes","No","No","No","Yes","0.0","N/A","17451259","Moderate"
"Cozy Apartment In Midtown","https://www.airbnb.com/rooms/1063901499256536258","1063901499256536258","0-0","N/A","N/A","0","213","N/A","N/A","None","28","Individual","1.0","2","315","Entire rental unit","Yes","N/A","153","N/A","N/A","No","No","No","Yes","No","No","No","Yes","0.0","N/A","432546305","Firm"
"Amazing Location, Steps Away From Subway & Shops","https://www.airbnb.com/rooms/1022361637289069053","1022361637289069053","0-0","N/A","N/A","0","152","N/A","N/A","None","28","Individual","1.0","2","218","Entire rental unit","Yes","N/A","214","N/A","N/A","No","No","No","Yes","Yes","No","Yes","Yes","0.0","N/A","24866646","Firm"
"Luxury Condo In Yorkville","https://www.airbnb.com/rooms/1460310777205808918","1460310777205808918","0-0","N/A","N/A","0","182","N/A","N/A","None","30","Small","1.5","4","219","Entire rental unit","Yes","N/A","N/A","N/A","N/A","No","No","No","Yes","No","Yes","No","Yes","N/A","N/A","581431026","Flexible"
"Beautiful 1 BDR Yorkville/Annex","https://www.airbnb.com/rooms/801308925302615862","801308925302615862","0-0","N/A","N/A","0","282","N/A","N/A","None","28","Individual","1.0","2","292","Entire home","Yes","N/A","84","3.89","N/A","No","No","No","Yes","No","No","No","Yes","0.0","N/A","10919119","Flexible"
"Nice, Clean 1bdrm Apt In Great Area","https://www.airbnb.com/rooms/10008169","10008169","0-0","N/A","N/A","0","228","N/A","N/A","None","180","Individual","1.0","2","157","Entire rental unit","Yes","N/A","138","N/A","N/A","No","No","No","Yes","No","No","No","Yes","0.0","N/A","24804051","Firm"
"1 Bedroom 1 Bathroom Across George Brown College","https://www.airbnb.com/rooms/909395386227536400","909395386227536400","0-0","N/A","N/A","0","67","N/A","N/A","None","28","Small","1.0","2","123","Entire rental unit","Yes","N/A","N/A","N/A","N/A","No","No","No","Yes","No","No","No","Yes","73","N/A","393414049","Firm"
"1bdr By George Brown College","https://www.airbnb.com/rooms/969548056844813441","969548056844813441","0-0","N/A","N/A","0","62","N/A","N/A","Low","28","Small","1.0","3","122","Entire home","Yes","N/A","N/A","N/A","N/A","No","No","No","Yes","No","No","No","Yes","147","N/A","393414049","Firm"
"Bedford Park 1BD Suite/Sep. Entrance","https://www.airbnb.com/rooms/988231306506887730","988231306506887730","0-0","N/A","N/A","0","210","N/A","N/A","None","28","Individual","1.0","2","196","Entire home","Yes","N/A","156","4.64","11","No","No","No","Yes","No","No","No","Yes","63.0","N/A","298624089","Firm"
"Charming Space Near Casaloma","https://www.airbnb.com/rooms/941162589585300139","941162589585300139","0-0","N/A","N/A","0","158","N/A","N/A","None","28","Small","1.0","2","149","Entire rental unit","Yes","N/A","N/A","N/A","N/A","No","No","No","Yes","No","No","No","No","74.0","N/A","518540580","Firm"
"Bella Bello's Boutique.","https://www.airbnb.com/rooms/1283488215985142808","1283488215985142808","0-0","N/A","N/A","0","360","N/A","N/A","None","31","Individual","1.0","2","152","Entire condo","Yes","N/A","6","N/A","N/A","No","No","No","Yes","No","No","No","Yes","178.0","N/A","660736572","Firm"
"Brand New Space In Casaloma/ Yorkville","https://www.airbnb.com/rooms/933454560277463324","933454560277463324","0-0","N/A","N/A","0","187","N/A","N/A","None","28","Moderate","1.0","3","160","Entire home","Yes","N/A","73","4.86","N/A","No","No","No","Yes","No","No","No","Yes","75","N/A","393414049","Firm"
"Saint George St.","https://www.airbnb.com/rooms/1367489779223196993","1367489779223196993","0-0","N/A","N/A","0","320","N/A","N/A","None","180","Individual","1.0","2","119","Entire rental unit","Yes","N/A","1","N/A","N/A","No","No","No","Yes","No","No","No","Yes","N/A","N/A","3672537","Moderate"
"Stylish 1 Bedroom Apartment With Castle Views","https://www.airbnb.com/rooms/686091425319783140","686091425319783140","0-0","N/A","N/A","0","274","N/A","N/A","None","28","Individual","1.0","2","295","Entire rental unit","Yes","N/A","92","4.79","N/A","No","No","No","Yes","No","No","No","Yes","0.0","N/A","17403496","Moderate"
"1 Br Unit, WALK To Subway","https://www.airbnb.com/rooms/49690754","49690754","0-0","N/A","N/A","0","202","N/A","N/A","Moderate","31","Moderate","1.0","2","97","Entire home","Yes","N/A","164","5","3","No","No","No","No","No","No","No","Yes","57.0","N/A","266159976","Strict"
"Greenhouse","https://www.airbnb.com/rooms/31571700","31571700","0-0","N/A","N/A","0","267","N/A","N/A","None","28","Individual","1.0","4","347","Entire home","Yes","N/A","99","4.15","13","No","No","No","Yes","No","No","No","Yes","57.0","N/A","211671420","Firm"
"Gorgeous Midtown 1bdrm+den Condo (Yonge-Eglinton)","https://www.airbnb.com/rooms/31485290","31485290","0-0","N/A","N/A","0","204","N/A","N/A","None","182","Individual","1.0","4","227","Entire condo","Yes","N/A","162","4.87","30","No","Yes","No","Yes","Yes","No","No","Yes","0.0","N/A","235882738","Moderate"
"Luxurious Downtown Area Condo","https://www.airbnb.com/rooms/28454136","28454136","0-0","N/A","N/A","0","105","N/A","N/A","None","28","Small","1.0","2","122","Entire condo","Yes","N/A","53","5","1","No","Yes","No","Yes","Yes","No","No","Yes","15","N/A","180616242","Flexible"
"Adorable 1 Bedroom Apartment, Wifi, Subway, AC","https://www.airbnb.com/rooms/24333970","24333970","0-0","N/A","N/A","0","90","N/A","N/A","Low","28","Individual","1.0","2","69","Entire rental unit","Yes","N/A","115","4.65","34","No","No","No","Yes","No","No","No","No","64.0","N/A","56898467","Moderate"
"Casual Place","https://www.airbnb.com/rooms/20829994","20829994","0-0","N/A","N/A","0","197","N/A","N/A","None","28","Individual","1.0","3","148","Entire home","Yes","N/A","169","4.67","3","No","No","No","Yes","No","No","No","Yes","0.0","N/A","10018350","Flexible"
"Lovely 1BR Bsmt Apt, Mt Pleasant East-Free Parking","https://www.airbnb.com/rooms/1567149978857428249","1567149978857428249","0-0","N/A","N/A","0","70","N/A","N/A","Moderate","28","Individual","1.0","2","79","Entire home","Yes","N/A","21","N/A","N/A","No","No","No","Yes","No","Yes","No","Yes","N/A","N/A","732025408","Firm"
"Modern, Bright, Furnished Basement / Private Entry","https://www.airbnb.com/rooms/1549505842508939879","1549505842508939879","0-0","N/A","N/A","0","96","N/A","N/A","None","30","Small","1.0","2","60","Entire home","Yes","N/A","N/A","N/A","N/A","No","Yes","No","Yes","No","No","No","Yes","N/A","N/A","97814725","Flexible"
"Peaceful, Private, Apartment, Yonge, For Couple","https://www.airbnb.com/rooms/1521131390606776294","1521131390606776294","0-0","N/A","N/A","0","129","N/A","N/A","Low","28","Small","1.0","2","85","Entire home","Yes","N/A","10","N/A","N/A","No","No","No","Yes","No","No","No","Yes","N/A","N/A","50019105","Flexible"
"Boho Themed 1 Bedroom + Office Condo In Midtown","https://www.airbnb.com/rooms/715115176639292879","715115176639292879","0-0","N/A","N/A","0","109","N/A","N/A","None","28","Individual","1.0","2","153","Entire condo","Yes","N/A","76","5","3","No","No","No","Yes","No","No","No","Yes","72.0","N/A","479357188","Firm"
"Beautiful 2 Story 1 Bedroom  Cabin In The City","https://www.airbnb.com/rooms/1481212794210057830","1481212794210057830","0-0","N/A","N/A","0","137","N/A","N/A","None","60","Moderate","1.0","3","79","Entire home","Yes","N/A","5","N/A","N/A","No","No","No","Yes","No","No","No","Yes","N/A","N/A","963354","Limited"
"Furnished 1BR Comfort Condo","https://www.airbnb.com/rooms/1447346384523637222","1447346384523637222","0-0","N/A","N/A","0","154","N/A","N/A","None","28","Individual","1.0","2","87","Entire rental unit","Yes","N/A","114","N/A","N/A","No","No","No","Yes","No","No","No","Yes","N/A","N/A","191656007","Flexible"
"Bright One Bedroom Apartment;The Entire Apartment","https://www.airbnb.com/rooms/867993136070337298","867993136070337298","0-0","N/A","N/A","0","53","N/A","N/A","None","28","Small","1.0","2","148","Entire rental unit","Yes","N/A","30","5","N/A","No","No","No","Yes","No","Yes","No","Yes","198","N/A","140639037","Flexible"
"Free Parking, Wifi, Cable, Queen Bed, Sizable","https://www.airbnb.com/rooms/53148952","53148952","74-97","85","85.13","3","31","107","1","High","28","Small","1.0","3","109","Entire rental unit","Yes","Midscale","335","4.56","N/A","No","No","No","Yes","No","Yes","No","Yes","128.0","N/A","385389761","Flexible"
"Cozy, Quiet, Safe, Annex Unit","https://www.airbnb.com/rooms/1327032593019094561","1327032593019094561","188-294","241","60.35","3","117","78","1","None","28","Small","1.0","2","71","Entire home","Yes","Midscale","249","4","1","No","No","No","Yes","No","No","No","Yes","N/A","N/A","670800536","Firm"
"Private Detached Coach House Rosedale","https://www.airbnb.com/rooms/3979252","3979252","262-346","312","312.23","0","267","14","1","None","28","Individual","2.0","2","299","Entire home","Yes","Upscale","99","4.61","18","No","No","No","Yes","No","No","No","No","90.0","N/A","20623894","Firm"
"Gorgeous Basement Suite Near Subway (Long Stay)","https://www.airbnb.com/rooms/49512666","49512666","355-470","422","105.47","1","366","184","4","None","28","Individual","1.0","1","113","Entire guest suite","Yes","Midscale","N/A","5","4","No","No","No","Yes","No","No","No","Yes","49.0","N/A","137368857","Strict"
"Minimalist Modern Downtown /with Parking","https://www.airbnb.com/rooms/29408078","29408078","499-661","596","148.94","2","254","N/A","4","None","30","Individual","1.0","2","179","Entire condo","Yes","Upscale","45","4.85","13","No","No","No","Yes","No","No","No","Yes","30.0","N/A","51017803","Firm"
"Yonge & Eglinton Clean Bachelor Pad. Near Downtown","https://www.airbnb.com/rooms/669805730674523098","669805730674523098","711-941","849","77.16","12","93","11","11","Moderate","28","Individual","1.0","2","81","Entire rental unit","Yes","Midscale","53","4.8","5","No","Yes","No","Yes","No","No","No","Yes","93.0","N/A","277239027","Limited"
"Modern Midtown Apartment","https://www.airbnb.com/rooms/1427981440211815407","1427981440211815407","800-1249","1030","102.97","24","42","1","2","None","28","Individual","1.0","2","127","Entire rental unit","Yes","Midscale","226","5","1","No","No","No","Yes","No","Yes","No","Yes","N/A","N/A","27507805","Limited"
"Modern 1BR Basement Suite W/ Private Entrance","https://www.airbnb.com/rooms/1554444304807767375","1554444304807767375","991-1418","1242","177.46","16","43","11","3","High","2","Small","1.0","4","172","Entire home","Yes","Upscale","33","5","5","No","No","No","Yes","No","No","No","No","N/A","1","685467868","Flexible"
"Modern Urban Private Apt
#1 TOR Neighbourhood","https://www.airbnb.com/rooms/19317016","19317016","1191-1576","1421","129.2","5","219","62","19","None","28","Small","1.0","3","144","Entire rental unit","Yes","Midscale","48","4.78","199","No","No","No","Yes","No","No","No","Yes","65.0","N/A","50610533","Moderate"
"Modern Luxury 1BR Condo Near Transit + Parking","https://www.airbnb.com/rooms/1291628512697118438","1291628512697118438","1263-1671","1502","107.26","36","39","17","14","None","28","Individual","1.0","4","138","Entire rental unit","Yes","Midscale","327","5","1","No","No","No","Yes","No","Yes","No","Yes","36.0","N/A","6562910","Flexible"
"1 BR Apartment By Casa Loma And Dupont Station!","https://www.airbnb.com/rooms/753045617455529477","753045617455529477","1186-1800","1553","97.06","19","86","2","13","Low","1","Individual","1.0","2","109","Entire rental unit","Yes","Midscale","81","4.73","26","No","No","No","Yes","No","Yes","No","Yes","37.0","N/A","50941294","Moderate"
"Count Basie","https://www.airbnb.com/rooms/1382116344586328692","1382116344586328692","1415-2176","1867","71.81","36","72","11","13","Low","28","Individual","1.0","4","85","Entire serviced apartment","Yes","Midscale","250","5","2","No","No","No","Yes","No","No","No","No","N/A","N/A","204053180","Limited"
"938 Eglinton - Basement","https://www.airbnb.com/rooms/1475532203969406013","1475532203969406013","1481-2248","1939","55.41","83","42","5","31","None","28","Moderate","1.0","1","53","Entire home","Yes","Economy","139","4.5","2","No","No","No","Yes","No","No","No","Yes","71.0","N/A","94071526","Firm"
"Stellar View 1BR Condo","https://www.airbnb.com/rooms/1579716676366139429","1579716676366139429","1570-2305","1956","78.23","32","77","2","28","Moderate","28","Moderate","1.0","2","93","Entire rental unit","Yes","Midscale","N/A","N/A","N/A","No","Yes","No","Yes","No","No","No","Yes","N/A","N/A","348430184","Firm"
"Elite 1BR Midtown Rental","https://www.airbnb.com/rooms/1544266602137648823","1544266602137648823","1706-2240","1975","131.64","13","112","N/A","15","High","30","Moderate","1.0","2","148","Entire rental unit","Yes","Midscale","9","N/A","N/A","No","No","No","Yes","Yes","No","No","Yes","N/A","N/A","5988339","Flexible"
"Comfortable Apartment In Quiet Neighbourhood","https://www.airbnb.com/rooms/48363176","48363176","1771-2535","2220","67.28","77","43","3","29","Low","28","Small","1.0","3","76","Entire rental unit","Yes","Midscale","323","4.81","16","No","No","No","Yes","No","No","No","Yes","101.0","N/A","262878999","Strict"
"Sophisticated 1BR Yorkville Suite","https://www.airbnb.com/rooms/1584899973111110712","1584899973111110712","1821-2674","2269","78.23","46","63","1","25","High","28","Moderate","1.0","2","93","Entire rental unit","Yes","Midscale","N/A","N/A","N/A","No","No","No","Yes","No","No","No","Yes","N/A","N/A","348430184","Firm"
"Yonge Midtown","https://www.airbnb.com/rooms/19734987","19734987","1920-2915","2514","49.3","94","54","70","51","Low","28","Individual","1.0","2","167","Entire condo","Yes","Economy","130","4.94","67","No","Yes","No","Yes","Yes","No","No","Yes","107.0","1","138365895","Strict"
"Beautiful Newly Renovated Bright 1-Bdrm Plus Apt","https://www.airbnb.com/rooms/13950414","13950414","2165-2865","2584","86.13","29","104","N/A","30","None","28","Small","1.0","2","119","Entire home","Yes","Midscale","262","4.88","8","No","No","No","Yes","No","No","No","No","29.0","N/A","83038230","Moderate"
"Cozy Studio Near Yonge Eglinton Subway Midtown","https://www.airbnb.com/rooms/1586509862681802503","1586509862681802503","2042-3058","2617","67.09","91","43","24","30","None","28","Moderate","1.0","1","82","Entire rental unit","Yes","Midscale","33","5","1","No","No","No","Yes","No","No","No","Yes","N/A","N/A","680986557","Moderate"
"The Perfect HOME (msg Host For Long Stay Discount)","https://www.airbnb.com/rooms/1597961895252685680","1597961895252685680","2129-3197","2702","51.95","85","61","N/A","28","None","28","Small","1.0","2","60","Entire rental unit","Yes","Economy","N/A","N/A","N/A","No","No","No","Yes","No","Yes","No","Yes","N/A","N/A","592714146","Flexible"
"Spacious One-bedroom St. Clair West Apartment","https://www.airbnb.com/rooms/1174710979012427712","1174710979012427712","2374-3118","2748","88.64","34","92","6","31","None","100","Individual","1.0","2","101","Entire rental unit","Yes","Midscale","N/A","N/A","N/A","No","No","No","Yes","No","No","No","Yes","N/A","N/A","704879","Flexible"
"Midtown 1BR - Yonge And Eglinton- 5 Mins To Subway","https://www.airbnb.com/rooms/32403284","32403284","2319-3290","2857","45.35","64","98","23","27","Moderate","30","Small","1.0","2","68","Entire guest suite","Yes","Economy","N/A","4.46","35","No","No","No","Yes","No","Yes","No","Yes","59","N/A","7863853","Flexible"
"Charming Home In Leaside-Toronto","https://www.airbnb.com/rooms/45649857","45649857","2413-3193","2880","96","56","54","10","30","None","28","Individual","1.0","3","153","Entire rental unit","Yes","Midscale","312","5","49","No","No","No","Yes","No","Yes","No","Yes","39.0","1","369811543","Firm"
"Entire Guest Suite- 1BD Basement","https://www.airbnb.com/rooms/21883799","21883799","2402-3438","3012","66.92","55","82","7","24","None","28","Individual","1.0","2","78","Entire home","Yes","Midscale","284","5","13","No","No","No","Yes","No","No","No","No","140.0","1","337379","Moderate"
"Yorkville 1 Bedroom Plus Home Office Suite","https://www.airbnb.com/rooms/667298075032400284","667298075032400284","2370-3696","3036","74.04","100","41","53","29","Moderate","31","Small","1.0","2","104","Entire condo","Yes","Midscale","325","5","2","No","No","No","Yes","No","No","No","Yes","143.0","N/A","742398","Firm"
"Luxury 29th Floor Suite In Yorkville/Stunning View","https://www.airbnb.com/rooms/1513847102794469526","1513847102794469526","2558-3755","3186","88.51","53","68","28","26","None","28","Small","1.0","3","104","Entire rental unit","Yes","Midscale","74","N/A","N/A","No","No","No","Yes","No","Yes","No","Yes","N/A","N/A","16645321","Firm"
"Private Room With Walkout Balcony","https://www.airbnb.com/rooms/20285107","20285107","2594-4020","3332","92.55","20","184","59","13","None","28","Individual","1.0","1","118","Entire home","Yes","Midscale","182","4.67","3","No","No","No","Yes","No","Yes","Yes","Yes","11.0","N/A","144210650","Firm"
"Toronto CityView Condo In Leaside-Vanderhoof Ave","https://www.airbnb.com/rooms/1604476811881919289","1604476811881919289","2794-3866","3357","145.98","79","29","17","3","Moderate","1","Individual","1.0","2","161","Entire condo","Yes","Upscale","19","4.86","7","No","No","No","Yes","No","Yes","No","Yes","N/A","N/A","9832902","Flexible"
"Sunfilled Top Area Private 1-Bedroom Apartment","https://www.airbnb.com/rooms/1511651814933211840","1511651814933211840","2672-4141","3481","74.07","34","139","17","27","None","28","Small","1.0","3","94","Entire rental unit","Yes","Midscale","3","5","1","No","No","No","Yes","No","No","No","Yes","N/A","N/A","39636814","Flexible"
"Bright And Nicely Furnished 1 Bedroom Apartment","https://www.airbnb.com/rooms/40113200","40113200","2890-4587","3771","43.85","78","110","6","34","None","1","Individual","1.0","3","60","Entire rental unit","Yes","Economy","50","5","3","No","No","No","Yes","No","No","No","No","0","N/A","309558706","Strict"
"Private Bachelor Studio/kitchen/parking/wifi/TV","https://www.airbnb.com/rooms/869761294959961894","869761294959961894","2996-4527","3805","53.6","42","171","20","27","None","31","Large","1.0","1","61","Entire rental unit","Yes","Economy","195","4.85","N/A","No","No","No","Yes","No","No","No","No","0.0","N/A","105605194","Flexible"
"Stylish One Bedroom Unit","https://www.airbnb.com/rooms/1450142086482567916","1450142086482567916","2956-4487","3870","113.82","30","113","1","27","High","28","Moderate","1.0","2","159","Entire rental unit","Yes","Midscale","139","5","2","No","No","No","Yes","Yes","No","No","Yes","N/A","N/A","5988339","Flexible"
"Boutique Apt UptownToronto Yonge&Eg","https://www.airbnb.com/rooms/12796693","12796693","2957-4489","3872","67.93","100","57","39","53","None","31","Small","1.0","2","116","Entire rental unit","Yes","Midscale","309","4.58","50","No","No","No","Yes","No","No","No","Yes","0.0","N/A","35499709","Firm"
"Oversized Loft | 2 Floors | Yorville/Annex","https://www.airbnb.com/rooms/1579884290939503803","1579884290939503803","2964-4560","3912","195.6","77","26","2","7","None","2","Individual","1.5","2","247","Entire rental unit","Yes","Upscale","23","5","2","No","No","No","Yes","No","No","No","Yes","N/A","N/A","9442547","Limited"
"Fully Furnished Oasis","https://www.airbnb.com/rooms/1328621793089387673","1328621793089387673","3111-4660","3971","66.18","91","66","N/A","51","None","28","Individual","1.0","2","78","Entire rental unit","Yes","Midscale","139","5","1","No","No","No","Yes","No","No","No","Yes","N/A","N/A","215535794","Moderate"
"Private Studio W/Private Bath+Parking+Wifi+Laundry","https://www.airbnb.com/rooms/850900763512666881","850900763512666881","3131-4970","4086","49.83","44","187","20","27","None","29","Large","1.0","1","61","Entire rental unit","Yes","Economy","179","5","3","No","No","No","Yes","No","No","No","No","0.0","N/A","174661737","Flexible"
"Cozy Studio Midtown Toronto 33 Floor","https://www.airbnb.com/rooms/1598593668568370299","1598593668568370299","3201-4850","4116","100.4","100","41","5","18","None","28","Individual","1.0","2","120","Entire rental unit","Yes","Midscale","7","N/A","N/A","No","No","No","Yes","Yes","No","No","Yes","N/A","N/A","41553200","Flexible"
"Cozy And Spacious 1br Apartment","https://www.airbnb.com/rooms/1131421418142213286","1131421418142213286","3304-4866","4134","96.14","32","135","4","2","None","28","Individual","1.0","2","118","Entire rental unit","Yes","Midscale","231","N/A","N/A","No","No","No","Yes","No","No","No","No","0.0","N/A","358185338","Flexible"
"Private Space In Oakwood Village (Central Toronto)","https://www.airbnb.com/rooms/912949662835633063","912949662835633063","3315-4745","4156","118.75","13","262","5","23","None","28","Individual","1.0","3","144","Entire home","Yes","Midscale","104","4.82","11","No","No","No","Yes","No","No","No","Yes","36.0","N/A","519777095","Flexible"
"Chic One Bedroom Home","https://www.airbnb.com/rooms/1445038267968237243","1445038267968237243","3488-4616","4163","143.55","37","78","N/A","29","High","28","Moderate","1.0","2","159","Entire rental unit","Yes","Midscale","190","5","1","No","No","No","Yes","Yes","No","No","Yes","N/A","N/A","5988339","Flexible"
"Downtown Yorkville-Extended Stay-Executive 1BR","https://www.airbnb.com/rooms/1585916322290576155","1585916322290576155","3496-5251","4437","98.6","59","76","13","17","Moderate","28","Small","1.0","2","116","Entire rental unit","Yes","Midscale","N/A","N/A","N/A","No","No","No","Yes","No","No","No","Yes","N/A","N/A","211194468","Flexible"
"Elite Midtown Condo For Premium Monthly Stays","https://www.airbnb.com/rooms/1566421058515954583","1566421058515954583","3467-5194","4444","92.58","53","91","10","29","High","28","Small","1.0","3","112","Entire condo","Yes","Midscale","N/A","5","1","No","No","No","Yes","Yes","No","No","Yes","N/A","N/A","84153188","Flexible"
"Cozy 1 Bedroom Bsmt Retreat Yorkville Annex U Of T","https://www.airbnb.com/rooms/1390890852331117687","1390890852331117687","3409-5176","4464","73.18","86","71","23","31","High","28","Small","1.0","3","97","Entire rental unit","Yes","Midscale","143","5","2","No","No","No","Yes","No","Yes","No","Yes","N/A","N/A","654242007","Flexible"
"Midtown Pied At Terre","https://www.airbnb.com/rooms/897046461202411287","897046461202411287","3436-5454","4492","67.05","66","102","34","23","Moderate","28","Small","1.0","2","87","Entire rental unit","Yes","Midscale","264","4.8","5","No","No","No","Yes","No","No","No","No","36.0","N/A","90793169","Flexible"
"Downtown Spacious Attic Floor 3","https://www.airbnb.com/rooms/1400299238602105887","1400299238602105887","3602-5638","4658","47.53","39","254","49","26","None","30","Small","1.0","1","70","Entire home","Yes","Economy","67","5","1","No","No","No","Yes","No","No","No","Yes","N/A","N/A","670800536","Flexible"
"Brand New Luxury Basement Apartment In Forest Hill","https://www.airbnb.com/rooms/797733326177112332","797733326177112332","3590-5699","4685","69.93","92","73","60","37","Moderate","90","Small","1.0","3","105","Entire home","Yes","Midscale","293","5","5","No","No","No","Yes","No","No","No","No","108.0","1","443306346","Moderate"
"The Spacious Sinatra Suite Near Yorkville Village.","https://www.airbnb.com/rooms/1577199311852218846","1577199311852218846","3703-5561","4699","99.98","62","76","11","19","High","28","Individual","1.5","2","123","Entire home","Yes","Midscale","N/A","N/A","N/A","No","No","No","Yes","No","No","No","Yes","N/A","N/A","147048306","Limited"
"Private & Central  Apartment- Close To Downtown","https://www.airbnb.com/rooms/26276283","26276283","3933-5376","4757","58.73","55","146","101","30","Low","28","Small","1.0","1","85","Entire home","Yes","Midscale","220","5","32","No","No","No","Yes","No","No","No","No","82.0","1","136724699","Firm"
"Quiet, Comfortable 1br, Easy Access To Downtown","https://www.airbnb.com/rooms/34121346","34121346","4069-5765","4942","61.02","87","93","38","25","Moderate","28","Individual","1.0","2","71","Entire rental unit","Yes","Midscale","239","4.5","18","No","No","No","Yes","No","No","No","No","107.0","N/A","1400479","Firm"
"Modern Self-Contained Apartment • All-Inclusive","https://www.airbnb.com/rooms/51019356","51019356","3922-6116","5024","83.74","35","171","12","33","Low","28","Small","1.5","2","80","Entire rental unit","Yes","Midscale","170","4","3","No","No","No","Yes","No","No","No","Yes","95.0","N/A","39636814","Firm"
"Spacious Apmt 5min To Subway, Restaurant, Grocery","https://www.airbnb.com/rooms/637512984704853378","637512984704853378","4030-6219","5295","64.58","99","83","25","31","None","28","Individual","1.0","2","109","Entire rental unit","Yes","Midscale","208","4.88","8","No","No","No","Yes","Yes","No","No","Yes","109.0","1","12740414","Firm"
"1-bedroom Apt On Summerhill Ave","https://www.airbnb.com/rooms/1436376811356429559","1436376811356429559","4329-6356","5393","173.96","12","255","1","26","None","28","Small","1.0","2","207","Entire home","Yes","Upscale","13","N/A","N/A","No","No","No","Yes","No","No","No","No","N/A","N/A","153427761","Firm"
"Affordable Luxury In Toronto Yonge & Eglinton","https://www.airbnb.com/rooms/1547570298190088534","1547570298190088534","4335-6510","5501","65.49","81","104","7","32","Moderate","28","Small","1.0","4","109","Entire condo","Yes","Midscale","N/A","N/A","N/A","No","No","No","Yes","No","No","No","Yes","N/A","N/A","593848913","Firm"
"TO Central Guest House-15 Min. To Downtown Center","https://www.airbnb.com/rooms/1290153289138785929","1290153289138785929","4439-6650","5667","97.7","22","265","N/A","35","None","28","Individual","1.0","5","123","Entire rental unit","Yes","Midscale","101","5","1","No","No","No","Yes","No","Yes","No","Yes","0.0","N/A","200484539","Flexible"
"Homey Beautiful Private Apartment.","https://www.airbnb.com/rooms/31220912","31220912","4562-6834","5737","72.62","34","231","11","40","Low","28","Individual","1.0","3","100","Entire rental unit","Yes","Midscale","135","5","3","No","No","No","Yes","No","No","No","No","36.0","N/A","233511796","Flexible"
"Central Apartment In The Heart Of Toronto","https://www.airbnb.com/rooms/1331852467061921867","1331852467061921867","4682-6642","5769","75.9","60","126","65","41","Moderate","28","Small","1.0","2","98","Entire rental unit","Yes","Midscale","240","5","5","No","No","No","Yes","No","Yes","No","Yes","125.0","1","1614013","Flexible"
"Toronto Eglinton Yonge Subway Line 1Bedroom 1Bath","https://www.airbnb.com/rooms/1154981678846249796","1154981678846249796","4422-6713","5790","65.8","45","195","109","46","High","28","Small","1.0","3","75","Entire rental unit","Yes","Midscale","171","4.5","4","No","No","No","Yes","No","No","No","Yes","107.0","N/A","74921217","Firm"
"Cozy Basement Apartment","https://www.airbnb.com/rooms/1137505326165159296","1137505326165159296","4422-7060","5829","53.47","60","183","24","27","None","29","Individual","1.0","3","76","Entire rental unit","Yes","Economy","183","5","3","No","No","No","Yes","No","No","No","No","73.0","N/A","169141934","Flexible"
"Sunny, Central, Private Apt- Close To Downtown","https://www.airbnb.com/rooms/19701022","19701022","4831-6604","5843","53.12","88","125","112","31","Low","28","Small","1.0","1","82","Entire guest suite","Yes","Economy","241","4.94","64","No","No","No","Yes","No","No","No","Yes","82.0","1","136724699","Firm"
"Yorkville Luxury Unit","https://www.airbnb.com/rooms/1193646562349514877","1193646562349514877","4898-6482","5846","97.44","92","65","26","60","None","30","Individual","1.0","2","121","Entire condo","Yes","Midscale","301","5","2","No","No","No","No","No","No","No","Yes","143.0","N/A","587542234","Firm"
"MODERN LOFT-SYTLE 1  -bedroom","https://www.airbnb.com/rooms/52602672","52602672","4703-6905","5859","77.09","78","98","21","38","Unknown","1","Unknown","1.0","2","108","Entire loft","Yes","Midscale","13","N/A","N/A","No","No","No","Yes","No","Yes","No","Yes","180.0","N/A","118264356","Moderate"
"Casa Loma Luxury!","https://www.airbnb.com/rooms/1114066318730207714","1114066318730207714","4929-6892","5946","83.75","100","71","37","16","Low","28","Individual","1.0","2","109","Entire rental unit","Yes","Midscale","295","4.55","11","No","No","No","Yes","No","No","No","Yes","108.0","N/A","176445660","Firm"
"One Bedroom Apartment In Whychwood Park","https://www.airbnb.com/rooms/1485648063336407429","1485648063336407429","5281-6758","6034","134.09","35","130","13","3","High","1","Small","1.0","2","129","Entire home","Yes","Midscale","12","4.79","24","No","No","No","Yes","No","No","No","Yes","29.0","N/A","3087136","Moderate"
"Cozy Annex Lower Level Suite / Laundry/WI-FI","https://www.airbnb.com/rooms/47883408","47883408","4637-7039","6071","65.28","81","115","22","49","None","28","Large","1.0","2","119","Entire rental unit","Yes","Midscale","251","4.76","21","No","No","No","Yes","No","No","No","Yes","50.0","N/A","846505","Flexible"
"Stunning Luxury Condo 1 Bed + Den/office","https://www.airbnb.com/rooms/1436915733258925026","1436915733258925026","4814-7210","6169","99.5","100","62","65","31","Low","28","Individual","1.0","2","124","Entire rental unit","Yes","Midscale","206","5","1","No","Yes","No","Yes","Yes","No","No","Yes","143.0","N/A","16997455","Limited"
"Executive Private Suite – Prestigious Area, Subway","https://www.airbnb.com/rooms/28130345","28130345","5105-6978","6174","134.22","82","56","10","24","Moderate","31","Small","1.0","2","175","Entire home","Yes","Midscale","N/A","4.9","93","No","No","Yes","Yes","No","No","No","Yes","55","N/A","62546462","Strict"
"Great Location","https://www.airbnb.com/rooms/5036573","5036573","5017-7182","6291","76.71","33","245","23","32","None","28","Small","1.0","2","104","Entire home","Yes","Midscale","121","4.85","48","No","No","No","Yes","No","No","No","Yes","25.0","1","16375413","Flexible"
"Spacious Main Floor Apartment- Close To Downtown","https://www.airbnb.com/rooms/42812140","42812140","5293-7508","6521","57.2","86","133","48","34","Low","28","Small","1.0","2","89","Entire guest suite","Yes","Economy","233","5","28","No","No","No","Yes","No","No","No","Yes","90.0","1","136724699","Firm"
"Apartment In Rosedale","https://www.airbnb.com/rooms/1412890166892197763","1412890166892197763","5007-7758","6522","86.97","29","262","9","29","Low","28","Small","1.0","2","98","Entire rental unit","Yes","Midscale","31","4","1","No","No","No","Yes","No","No","No","No","N/A","N/A","7269198","Flexible"
"Luxury King Unit Across From Drake's High School","https://www.airbnb.com/rooms/43389846","43389846","5329-7628","6682","90.29","45","165","3","27","High","28","Individual","1.0","4","83","Entire guest suite","Yes","Midscale","201","4.84","155","No","No","No","Yes","No","Yes","No","Yes","86.0","1","36197897","Flexible"
"1 Bedroom Entire Apartment In Midtown Toronto","https://www.airbnb.com/rooms/1571218928352575343","1571218928352575343","5450-8067","6759","164.86","69","59","11","4","High","1","Individual","1.0","3","201","Entire rental unit","Yes","Upscale","18","5","4","No","No","No","Yes","No","No","No","Yes","N/A","N/A","732945894","Moderate"
"Clean, Quiet Bsmnt Apt. Close To DT TO, Sunnybrook","https://www.airbnb.com/rooms/14399559","14399559","5799-7684","6786","59.01","53","219","59","35","Low","28","Individual","1.0","2","65","Entire home","Yes","Midscale","147","4.82","129","No","No","No","Yes","No","No","No","No","72.0","1","88508504","Moderate"
"Cozy Studio Number 2","https://www.airbnb.com/rooms/1485720417130354855","1485720417130354855","5390-8313","7027","62.18","65","173","14","30","Low","28","Small","1.0","1","59","Entire rental unit","Yes","Midscale","7","5","2","No","No","No","Yes","No","No","No","Yes","N/A","N/A","508752272","Flexible"
"Self-Contained One Bedroom Apartment","https://www.airbnb.com/rooms/1539237701285636956","1539237701285636956","5573-8692","7169","87.42","79","104","12","30","Low","28","Moderate","1.0","2","146","Entire rental unit","Yes","Midscale","22","5","1","No","No","No","Yes","No","No","No","Yes","N/A","N/A","8569918","Firm"
"Midtown Gem: Boutique Living At Its Best!","https://www.airbnb.com/rooms/1161711901289101263","1161711901289101263","5638-8736","7242","70.31","44","235","2","35","None","28","Small","1.0","2","89","Entire rental unit","Yes","Midscale","121","5","1","No","No","No","Yes","No","No","No","Yes","93.0","N/A","39636814","Firm"
"Luxury, Multi-level Apartment At Midtown","https://www.airbnb.com/rooms/25250805","25250805","5621-8534","7360","124.75","88","67","106","30","Moderate","28","Small","1.5","4","122","Entire rental unit","Yes","Midscale","265","4.96","79","No","No","No","Yes","No","No","No","Yes","78.0","1","74285568","Firm"
"The Diamond Of Yorkville","https://www.airbnb.com/rooms/1286370511883630469","1286370511883630469","5904-8700","7391","95.99","75","103","27","24","Low","28","Individual","1.0","2","109","Entire condo","Yes","Midscale","263","5","4","No","No","No","Yes","No","No","No","Yes","0.0","N/A","661345469","Flexible"
"A/C, Free Parking, Wifi, Cable, Queen Bed, Sizable","https://www.airbnb.com/rooms/49269498","49269498","5785-9219","7605","107.12","70","101","133","18","None","28","Small","1.0","3","137","Entire rental unit","Yes","Midscale","265","4.5","8","No","No","No","Yes","No","Yes","No","Yes","0.0","N/A","385389761","Flexible"
"Annex/Yorkville Gem!","https://www.airbnb.com/rooms/769564218478237331","769564218478237331","6597-8981","7762","106.33","29","250","35","15","None","28","Individual","1.0","2","122","Entire rental unit","Yes","Midscale","103","4.48","27","No","No","No","Yes","No","No","No","Yes","43.0","N/A","33614773","Moderate"
"Cozy Midtown Studio Apartment","https://www.airbnb.com/rooms/1457533295403181751","1457533295403181751","6671-8804","7876","131.27","43","139","23","4","Moderate","2","Individual","1.0","2","140","Entire guest suite","Yes","Midscale","114","5","16","No","No","No","Yes","No","No","No","Yes","43.0","1","503291482","Moderate"
"Apartment Uptown Toronto Yonge&Eglinton","https://www.airbnb.com/rooms/14126057","14126057","6554-8958","7927","80.07","82","121","5","30","Low","30","Small","1.0","4","155","Entire rental unit","Yes","Midscale","245","4.63","52","No","No","No","Yes","No","No","No","Yes","0.0","N/A","35499709","Firm"
"Stylish Midtown Escape","https://www.airbnb.com/rooms/1460331039451456571","1460331039451456571","6171-9562","8039","73.08","67","163","13","37","Low","28","Individual","1.0","2","86","Entire rental unit","Yes","Midscale","89","5","1","No","No","No","Yes","No","Yes","No","Yes","108.0","N/A","32621396","Firm"
"Yorkville Downtown Hotel Style Large Suite","https://www.airbnb.com/rooms/29707527","29707527","6309-9630","8115","87.26","79","117","18","28","Low","30","Small","2.0","3","119","Entire condo","Yes","Midscale","249","5","15","No","No","No","Yes","No","No","No","Yes","179.0","1","223553142","Flexible"
"Cozy Designer Getaway In The City- Entire Suite","https://www.airbnb.com/rooms/1051651384188058189","1051651384188058189","6630-9405","8169","80.09","41","248","16","26","None","28","Small","1.0","4","146","Entire guest suite","Yes","Midscale","118","4.47","43","No","No","No","Yes","No","No","No","Yes","61.0","N/A","111160674","Firm"
"Art Deco Private Apartment Near Yorkdale Mall","https://www.airbnb.com/rooms/1435551978807689646","1435551978807689646","6567-9603","8178","88.89","57","161","3","15","None","21","Small","1.0","2","119","Entire home","Yes","Midscale","107","5","2","No","No","No","Yes","No","No","No","Yes","87.0","N/A","85128043","Firm"
"Lovely 1-bedroom  In Mid Toronto","https://www.airbnb.com/rooms/658045248079174122","658045248079174122","7607-9746","8777","67","75","175","44","7","Moderate","1","Individual","1.0","2","89","Entire vacation home","Yes","Midscale","191","4.95","76","No","No","No","Yes","No","No","No","No","106.0","1","451483831","Firm"
"Beauty Luxurious Rental Basement","https://www.airbnb.com/rooms/1482616516843006834","1482616516843006834","6758-10423","8810","68.3","79","163","5","30","Low","28","Small","1.0","2","85","Entire guest suite","Yes","Midscale","18","5","2","No","No","No","Yes","No","No","No","Yes","N/A","N/A","540132481","Firm"
"Cozy 1bedroom+1bath Condo In Heart Of Forest Hills","https://www.airbnb.com/rooms/1458040901845089715","1458040901845089715","7106-10315","8843","64.54","84","164","19","30","Moderate","28","Moderate","1.0","2","78","Entire rental unit","Yes","Midscale","89","4.5","4","No","Yes","No","Yes","No","No","No","Yes","72.0","N/A","680986557","Limited"
"Private 1BR Suite W/ Parking | St Clair West","https://www.airbnb.com/rooms/990322","990322","7493-10164","8915","85.72","54","193","11","30","None","28","Small","1.0","2","127","Entire rental unit","Yes","Midscale","173","4.58","38","No","No","No","Yes","No","Yes","No","No","107.0","N/A","377962","Flexible"
"The Luxe Escape | Premium 1BR In Yorkville | Gym","https://www.airbnb.com/rooms/1543811482367646467","1543811482367646467","7903-10454","9182","135.03","74","92","24","27","High","3","Individual","1.0","4","178","Entire rental unit","Yes","Midscale","24","5","7","No","No","No","Yes","Yes","No","No","Yes","N/A","1","726728922","Moderate"
"Central 1 Bedroom Condo In Toronto","https://www.airbnb.com/rooms/671688621832621513","671688621832621513","7108-10828","9235","126.51","77","95","14","38","None","28","Individual","1.0","2","197","Entire condo","Yes","Midscale","271","4.75","4","No","No","No","Yes","No","No","No","Yes","71.0","N/A","468919459","Flexible"
"1 Bedroom Suite In Heart Of The Annex","https://www.airbnb.com/rooms/776904532796679499","776904532796679499","7132-11304","9324","58.28","99","161","47","35","Low","31","Individual","1.0","2","115","Entire rental unit","Yes","Midscale","205","5","5","No","No","No","Yes","No","Yes","No","Yes","0.0","N/A","193438668","Firm"
"1BR Unit | Yonge & Eg!","https://www.airbnb.com/rooms/1483530171350896831","1483530171350896831","8262-10618","9417","165.21","58","99","14","6","High","2","Individual","1.0","4","203","Entire rental unit","Yes","Upscale","84","4.46","13","No","No","No","Yes","No","No","No","Yes","86.0","N/A","712379254","Limited"
"AN URBAN OASIS","https://www.airbnb.com/rooms/11991308","11991308","7893-10445","9421","157.01","63","96","22","60","None","28","Small","1.0","2","205","Entire rental unit","Yes","Upscale","270","4.97","35","No","No","No","Yes","No","No","No","Yes","120.0","N/A","28621092","Moderate"
"Amazing Rare Unique Cabin In The City W Fireplace","https://www.airbnb.com/rooms/1332013711963892780","1332013711963892780","7485-11242","9499","88.78","37","288","11","46","None","1","Moderate","1.0","3","104","Entire home","Yes","Midscale","23","N/A","N/A","No","No","No","Yes","No","No","No","Yes","73.0","N/A","963354","Moderate"
"Midtown Toronto Gem: Ideal 1BR","https://www.airbnb.com/rooms/667265747508883595","667265747508883595","7876-11173","9704","78.9","70","175","67","45","Low","28","Individual","1.0","4","98","Entire rental unit","Yes","Midscale","89","4.79","33","No","No","No","Yes","No","No","No","Yes","108.0","N/A","95725017","Flexible"
"Toronto Casa Loma 1BR","https://www.airbnb.com/rooms/51003859","51003859","7540-11971","9840","64.74","75","202","26","30","High","60","Small","1.0","4","85","Entire rental unit","Yes","Midscale","146","4.4","5","No","No","No","Yes","No","No","No","Yes","32.0","N/A","14720783","Flexible"
"Beautiful Main Floor Apartment In The Annex","https://www.airbnb.com/rooms/24524476","24524476","8458-11207","9897","52.93","100","187","128","39","None","31","Individual","1.0","2","82","Entire rental unit","Yes","Economy","179","5","41","No","No","No","Yes","No","No","No","No","0.0","1","185262110","Moderate"
"Private Room And Entrance, Central Location","https://www.airbnb.com/rooms/15237035","15237035","8541-10988","9987","80.54","41","301","1","2","None","28","Individual","1.0","4","90","Entire guest suite","Yes","Midscale","65","4.74","102","No","No","No","No","No","No","No","Yes","29.0","N/A","13616189","Moderate"
"New Furnished Condo With View, Free Parking & Gym","https://www.airbnb.com/rooms/1162262484798810337","1162262484798810337","7662-12162","9999","133.32","44","171","43","48","Moderate","28","Individual","1.0","2","200","Entire rental unit","Yes","Midscale","15","5","2","No","No","No","Yes","No","No","No","Yes","0.0","N/A","33530905","Moderate"
"Toronto Yonge X St Clair 2min Walk From The Subway","https://www.airbnb.com/rooms/33169996","33169996","7921-12057","10114","57.14","83","212","31","36","Moderate","28","Small","1.0","4","109","Entire rental unit","Yes","Economy","154","4.64","14","No","No","No","Yes","Yes","Yes","No","Yes","143.0","N/A","33803286","Firm"
"Chic Garden Suite In Classic Annex Home","https://www.airbnb.com/rooms/594340708145958662","594340708145958662","7963-12399","10200","73.92","88","156","44","29","None","28","Individual","1.0","2","105","Entire townhouse","Yes","Midscale","210","5","1","No","No","No","Yes","No","No","No","No","44.0","N/A","3931265","Firm"
"Luxurious Midtown Toronto Condo","https://www.airbnb.com/rooms/1129901779374854783","1129901779374854783","8365-12039","10320","105.31","63","155","N/A","33","Moderate","28","Small","1.0","3","137","Entire condo","Yes","Midscale","211","5","6","No","No","No","Yes","No","Yes","No","Yes","108.0","1","559447296","Flexible"
"Mid-Town Toronto Condo","https://www.airbnb.com/rooms/1448165484867602836","1448165484867602836","9018-11929","10477","213.81","42","117","12","11","Moderate","2","Individual","1.0","2","230","Entire condo","Yes","Upscale","65","5","9","No","No","No","Yes","No","No","No","Yes","93.0","N/A","196656993","Limited"
"The Castle Terrace","https://www.airbnb.com/rooms/50150693","50150693","8356-12216","10512","129.78","73","111","26","20","None","28","Individual","1.0","4","174","Entire condo","Yes","Midscale","185","4.87","23","No","No","No","Yes","No","Yes","No","Yes","143.0","N/A","15531498","Firm"
"Corporate-Class 1BR Yorkville Executive Residence","https://www.airbnb.com/rooms/1425054325343636625","1425054325343636625","8503-12484","10592","160.49","25","261","6","36","None","28","Large","1.0","2","248","Entire rental unit","Yes","Upscale","7","N/A","N/A","No","No","No","Yes","No","No","No","Yes","206.0","N/A","502075035","Firm"
"Wychwood Retreat","https://www.airbnb.com/rooms/1367636019369387271","1367636019369387271","8786-12010","10627","68.56","79","196","66","33","Moderate","28","Individual","1.0","2","94","Entire home","Yes","Midscale","125","5","6","No","No","No","Yes","No","No","No","No","86.0","1","143415960","Limited"
"Comfort Living, Great Location, Amenities Transit.","https://www.airbnb.com/rooms/1436288729348704742","1436288729348704742","8280-12912","10651","90.26","81","146","43","41","Low","28","Small","1.0","2","113","Entire home","Yes","Midscale","122","5","1","No","No","No","Yes","No","No","No","Yes","143.0","N/A","699332428","Firm"
"Quiet 1BR • All-Incl • 28+ Days Near Sunnybrooke","https://www.airbnb.com/rooms/52281706","52281706","8344-12992","10688","85.5","43","290","3","29","Moderate","28","Small","1.0","2","79","Entire rental unit","Yes","Midscale","47","3.67","3","No","No","No","Yes","No","No","No","No","93.0","N/A","39636814","Firm"
"Spacious, A/C, Free Parking,wifi, Cable, Queen Bed","https://www.airbnb.com/rooms/47815077","47815077","8344-12996","10772","108.8","77","129","149","15","None","28","Small","1.0","3","135","Entire rental unit","Yes","Midscale","237","5","9","No","No","No","Yes","No","Yes","No","Yes","0.0","N/A","385389761","Flexible"
"WFH Space|Midtown TO| 5 Min Walk To Yonge/Eglinton","https://www.airbnb.com/rooms/1427743982620454806","1427743982620454806","8804-12808","10958","150.1","58","126","1","2","Moderate","31","Small","1.0","3","188","Entire condo","Yes","Upscale","16","5","2","No","No","No","Yes","Yes","Yes","No","Yes","251.0","N/A","687464604","Firm"
"Cozy Urban 1BR Rental","https://www.airbnb.com/rooms/1445042282200621417","1445042282200621417","8616-13436","11083","110.83","60","167","6","31","High","28","Moderate","1.0","2","148","Entire rental unit","Yes","Midscale","101","5","1","No","No","No","Yes","Yes","No","No","Yes","N/A","N/A","5988339","Flexible"
"Spacious & Upscale 1Bedroom+Den In Midtown","https://www.airbnb.com/rooms/15480188","15480188","8679-13514","11118","89.66","97","128","14","37","None","29","Small","1.0","3","125","Entire condo","Yes","Midscale","68","5","3","No","Yes","No","Yes","Yes","No","No","Yes","58","N/A","2783292","Strict"
"1 Bedroom Apt, 2 Minutes To Subway, Safe Community","https://www.airbnb.com/rooms/841220837528667090","841220837528667090","8901-13115","11181","60.77","95","193","37","30","Moderate","28","Individual","1.0","3","75","Entire rental unit","Yes","Midscale","172","5","9","No","No","No","Yes","No","No","No","No","71.0","1","504139732","Flexible"
"Chic Yorkville Loft","https://www.airbnb.com/rooms/1188059284939611556","1188059284939611556","8998-12880","11282","179.07","32","199","21","26","High","28","Small","1.0","3","211","Entire condo","Yes","Upscale","167","4.96","24","No","No","No","Yes","No","No","No","Yes","57.0","1","470248033","Strict"
"Condo Luxury Plus Free Parking In Midtown","https://www.airbnb.com/rooms/45942474","45942474","8694-13760","11335","67.07","92","184","9","31","None","28","Individual","1.5","2","89","Entire condo","Yes","Midscale","83","5","8","No","No","No","Yes","No","No","No","Yes","72.0","1","63798087","Firm"
"Charming Suite","https://www.airbnb.com/rooms/1158047933349527140","1158047933349527140","9390-12835","11357","96.25","42","281","15","31","None","28","Individual","1.0","4","144","Entire rental unit","Yes","Midscale","85","4.82","22","No","No","No","Yes","No","No","No","Yes","87.0","N/A","79370704","Firm"
"Annex One Bedroom Apt. Close To Everything.","https://www.airbnb.com/rooms/14084357","14084357","9812-12979","11400","63.68","59","301","4","40","None","28","Small","1.0","1","96","Entire guest suite","Yes","Midscale","18","4.84","76","No","No","No","Yes","No","No","No","No","25.0","N/A","394329","Firm"
"Midtown Luxury 1 Bedroom","https://www.airbnb.com/rooms/24668638","24668638","9656-13206","11527","75.84","50","305","8","27","High","28","Small","1.5","2","90","Entire rental unit","Yes","Midscale","47","4.62","29","No","No","No","Yes","No","No","No","Yes","93.0","N/A","39636814","Firm"
"Cozy 1 Bedroom Private Bath/kitchen/living/parking","https://www.airbnb.com/rooms/1244407725208308175","1244407725208308175","9068-13657","11543","46.73","100","247","9","29","None","31","Large","1.0","1","56","Entire rental unit","Yes","Economy","119","N/A","N/A","No","No","No","Yes","No","No","No","Yes","0.0","N/A","105605194","Flexible"
"New & Cheerful 1 Bedroom Basement Suit In Toronto","https://www.airbnb.com/rooms/51210210","51210210","9046-13803","11621","97.65","42","283","26","30","High","28","Individual","1.0","2","131","Entire home","Yes","Midscale","83","4.56","9","No","No","No","Yes","No","Yes","No","Yes","140.0","N/A","410845334","Firm"
"Deluxe 1 Bedroom W/Parking & Large Living Room","https://www.airbnb.com/rooms/1100776273731460675","1100776273731460675","8997-13897","11666","89.74","100","130","48","21","Moderate","28","Individual","2.0","2","127","Entire townhouse","Yes","Midscale","236","4.8","5","No","No","No","Yes","No","No","No","Yes","107.0","1","4417835","Flexible"
"Homey Retreat In Quiet Neighbourhood","https://www.airbnb.com/rooms/34908374","34908374","10217-13511","11761","52.27","94","239","45","39","Moderate","28","Small","1.0","3","54","Entire rental unit","Yes","Economy","127","4.67","57","No","No","No","Yes","No","No","No","Yes","100.0","N/A","262878999","Strict"
"126 Livingstone - Ground","https://www.airbnb.com/rooms/43857606","43857606","9244-14675","12002","53.82","93","240","75","33","None","28","Moderate","1.0","2","68","Entire home","Yes","Economy","126","4.56","9","No","No","No","Yes","No","No","No","Yes","71.0","N/A","94071526","Firm"
"Spacious Midtown 1 BDRM/ WIFI/Laundry/Transit","https://www.airbnb.com/rooms/48884279","48884279","9308-14777","12146","78.36","61","256","15","39","None","30","Large","1.0","2","129","Entire rental unit","Yes","Midscale","50","4.88","8","No","No","No","Yes","No","No","No","Yes","57.0","N/A","846505","Flexible"
"Eglinton & Bayview Cozy BSMT 1BED","https://www.airbnb.com/rooms/40015266","40015266","10271-14073","12457","47.73","99","263","34","27","High","28","Small","1.0","2","56","Entire rental unit","Yes","Economy","103","4.61","56","No","No","No","Yes","No","No","No","Yes","107.0","N/A","25660537","Strict"
"Modern 1B Apartment In StClair & Bathurst","https://www.airbnb.com/rooms/858190386277334524","858190386277334524","10380-14188","12555","95.84","48","274","14","28","High","28","Small","1.0","2","109","Entire rental unit","Yes","Midscale","92","4.73","67","No","No","No","Yes","No","Yes","No","Yes","71.0","N/A","40910148","Firm"
"Modern Midtown Gem - 10 Mins To DT, Sunnybrook","https://www.airbnb.com/rooms/689056104497694683","689056104497694683","10408-14226","12588","100.71","91","137","18","31","None","28","Individual","1.0","6","120","Entire rental unit","Yes","Midscale","229","4.93","40","No","No","No","Yes","No","Yes","No","Yes","107.0","1","6470169","Firm"
"Charming Apartment With Patio In Midtown Toronto","https://www.airbnb.com/rooms/1530505131517095306","1530505131517095306","10163-14577","12590","163.51","73","105","14","26","Moderate","3","Individual","1.0","4","201","Entire rental unit","Yes","Upscale","17","5","3","No","No","No","Yes","No","Yes","No","Yes","N/A","N/A","723648922","Moderate"
"Yorkville's Junior","https://www.airbnb.com/rooms/782662889580057794","782662889580057794","9664-15340","12611","80.84","99","158","43","40","Moderate","31","Small","1.0","2","102","Entire condo","Yes","Midscale","208","5","4","No","No","No","Yes","No","No","No","Yes","143.0","N/A","223553142","Firm"
"Beautiful Apartment (Midtown).","https://www.airbnb.com/rooms/982176001975986823","982176001975986823","10348-14804","12708","109.55","32","366","4","3","None","28","Individual","1.0","4","138","Entire rental unit","Yes","Midscale","N/A","N/A","N/A","No","No","No","Yes","No","No","No","Yes","36.0","N/A","536220268","Moderate"
"Best Studio For Best Memories","https://www.airbnb.com/rooms/868012874821455970","868012874821455970","9910-15732","12955","78.52","74","223","38","39","None","28","Individual","1.0","2","112","Entire condo","Yes","Midscale","143","4.4","5","No","No","No","Yes","Yes","Yes","No","No","36.0","N/A","509716348","Flexible"
"Skyline Suite In Yorkville | High Floor + Balcony","https://www.airbnb.com/rooms/1547166943885167329","1547166943885167329","10081-15697","12967","160.09","91","89","19","24","High","2","Small","2.0","5","271","Entire rental unit","Yes","Upscale","39","5","1","No","Yes","No","Yes","Yes","No","No","Yes","107.0","N/A","457691803","Limited"
"126 Livingstone - Basement","https://www.airbnb.com/rooms/43186581","43186581","10043-15926","13025","54.73","84","284","60","39","Low","28","Moderate","1.0","2","68","Entire home","Yes","Economy","82","5","9","No","No","No","Yes","No","No","No","Yes","72.0","1","94071526","Firm"
"Home Away From Home Your Midtown Toronto Apartment","https://www.airbnb.com/rooms/40815297","40815297","10583-15204","13067","85.96","81","187","6","33","Moderate","28","Individual","1.0","2","112","Entire rental unit","Yes","Midscale","179","4.89","19","No","No","No","Yes","No","No","No","Yes","118.0","1","208891609","Strict"
"Clean Bsmt Suite-hot Tub/ideal For Longer Stays","https://www.airbnb.com/rooms/51166173","51166173","11385-15056","13106","50.8","91","285","68","33","None","28","Individual","1.0","2","74","Entire loft","Yes","Economy","81","4.84","45","No","No","No","Yes","No","No","No","Yes","54.0","1","414095242","Firm"
"Downtown Modern Bachelor Apartment 多伦多领事馆正对面","https://www.airbnb.com/rooms/17123470","17123470","11437-15060","13252","64.02","57","365","6","32","High","28","Small","1.0","4","75","Entire rental unit","Yes","Midscale","1","4.62","74","No","No","No","Yes","No","No","No","Yes","32.0","N/A","92635593","Moderate"
"1 Bedroom Apartment Downtown Toronto - Near U Of T","https://www.airbnb.com/rooms/21151875","21151875","11362-15055","13296","77.3","56","305","33","30","None","28","Individual","1.0","3","79","Entire rental unit","Yes","Midscale","45","4.69","88","No","No","No","Yes","No","No","No","Yes","108.0","N/A","152610913","Firm"
"Modern Clean Midtown Private Suite Free Parking","https://www.airbnb.com/rooms/1431254703597887618","1431254703597887618","11727-14743","13306","204.71","27","243","18","3","Moderate","2","Individual","1.0","4","222","Entire guest suite","Yes","Upscale","26","5","26","No","No","No","Yes","No","No","No","Yes","N/A","1","440188200","Moderate"
"Sleek Yorkville King Suite Sleeps 5 DT","https://www.airbnb.com/rooms/1572711785041688959","1572711785041688959","11080-15001","13312","225.62","86","69","18","3","Moderate","1","Individual","1.0","5","255","Entire condo","Yes","Upscale","23","5","12","No","No","No","Yes","No","No","No","Yes","N/A","1","732944173","Firm"
"Warm 1 Bedroom Private Bath/kitchen/living/parking","https://www.airbnb.com/rooms/1048847496721763421","1048847496721763421","10376-16271","13397","45.42","96","308","9","29","None","29","Large","1.0","1","57","Entire rental unit","Yes","Economy","58","5","1","No","No","No","Yes","No","No","No","No","0.0","N/A","174661737","Flexible"
"Cozy Basement Apartment For Work Or Leisure Trips","https://www.airbnb.com/rooms/1375685570827939953","1375685570827939953","10964-15763","13398","75.27","76","233","1","35","None","28","Individual","1.0","4","94","Entire guest suite","Yes","Midscale","89","5","3","No","No","No","Yes","No","Yes","No","Yes","36.0","N/A","536048170","Firm"
"Lovely Condo W Pool & Downtown View","https://www.airbnb.com/rooms/677125115838000111","677125115838000111","11116-15661","13447","98.15","75","183","18","36","None","28","Small","1.0","2","129","Entire condo","Yes","Midscale","183","5","14","No","No","No","Yes","No","No","No","Yes","108.0","1","427592850","Firm"
"A Home With A Heart","https://www.airbnb.com/rooms/44370666","44370666","11108-15711","13493","71.39","79","240","39","39","None","28","Small","1.0","2","109","Entire guest suite","Yes","Midscale","126","5","21","No","No","No","Yes","No","No","No","Yes","143.0","1","27061226","Firm"
"Modern Luxury Condo","https://www.airbnb.com/rooms/1001004237436179927","1001004237436179927","11106-15967","13572","90.48","52","287","50","29","Low","28","Small","1.0","2","113","Entire rental unit","Yes","Midscale","79","5","5","No","No","No","Yes","No","No","No","Yes","125.0","1","9948701","Firm"
"Fantastic Area, Bright & Beautiful","https://www.airbnb.com/rooms/10406485","10406485","11726-15441","13588","78.09","95","183","64","29","None","7","Small","1.0","2","123","Entire townhouse","Yes","Midscale","183","4.96","23","No","No","No","Yes","No","No","No","Yes","57.0","N/A","53585883","Moderate"
"New Forest Hill South Condo W/ 1 Bedroom","https://www.airbnb.com/rooms/1090850810449982623","1090850810449982623","10758-16129","13605","67.02","95","213","22","35","Low","28","Small","1.0","2","89","Entire rental unit","Yes","Midscale","153","5","3","No","Yes","No","Yes","No","No","No","Yes","43.0","N/A","40406859","Flexible"
"Amina Inc Airbnb-Mainfloor","https://www.airbnb.com/rooms/962884105867046356","962884105867046356","11094-15745","13722","62.95","90","243","74","41","Moderate","28","Small","1.0","1","83","Entire home","Yes","Midscale","123","4.83","12","No","No","No","Yes","No","No","No","Yes","71.0","1","484439841","Flexible"
"New 1 Bedroom W/private Bath/kitchen/workdesk/wifi","https://www.airbnb.com/rooms/1048862229267430389","1048862229267430389","10861-16410","13922","47.19","96","308","10","31","None","31","Large","1.0","1","57","Entire rental unit","Yes","Economy","58","4.85","N/A","No","No","No","Yes","No","No","No","No","0.0","N/A","105605194","Flexible"
"Cozy Modern Suite","https://www.airbnb.com/rooms/1284793700028520305","1284793700028520305","11183-16482","14002","69.32","89","227","54","34","Low","28","Individual","1.0","2","104","Entire home","Yes","Midscale","139","5","4","No","No","No","Yes","No","No","No","Yes","108.0","N/A","83302988","Firm"
"Cute 1 Bedroom Private Bath/kitchen/living/parking","https://www.airbnb.com/rooms/1244381049659802635","1244381049659802635","10916-17118","14095","45.76","100","308","10","30","None","29","Large","1.0","1","57","Entire rental unit","Yes","Economy","58","5","1","No","No","No","Yes","No","No","No","Yes","0.0","N/A","174661737","Flexible"
"Steps Away From Downtown Toronto. Free Gym & Pool","https://www.airbnb.com/rooms/1180315467192302901","1180315467192302901","11107-16965","14123","70.61","92","217","14","35","Low","28","Individual","1.0","2","150","Entire rental unit","Yes","Midscale","149","4.75","4","No","No","No","Yes","Yes","Yes","No","Yes","43.0","N/A","583766402","Moderate"
"Downtown Toronto Chic 1 Bedroom","https://www.airbnb.com/rooms/42349628","42349628","11067-16806","14156","88.48","95","169","55","38","High","31","Small","1.0","2","102","Entire condo","Yes","Midscale","197","4.88","17","No","No","No","Yes","No","No","No","Yes","143.0","1","336838455","Super Strict 30 Days"
"Oasis In The City1bed/bath+OrthoBed+FastWIFI+Prkng","https://www.airbnb.com/rooms/51020564","51020564","12342-16252","14301","80.8","83","212","13","32","High","28","Individual","1.0","3","113","Entire townhouse","Yes","Midscale","154","4.56","41","No","No","Yes","Yes","No","No","No","Yes","64.0","N/A","40435887","Moderate"
"Classy Penthouse With Great Views","https://www.airbnb.com/rooms/1413099063017774809","1413099063017774809","12759-15916","14380","161.57","59","151","40","5","Moderate","1","Small","1.0","3","166","Entire rental unit","Yes","Upscale","29","4.85","41","No","No","No","Yes","No","Yes","No","Yes","21.0","1","133152650","Limited"
"Chic Modern One Bedroom In Yorkville","https://www.airbnb.com/rooms/768141977354174748","768141977354174748","11356-17692","14458","74.14","84","232","43","47","Moderate","31","Small","1.0","2","105","Entire condo","Yes","Midscale","134","4.67","3","No","No","No","Yes","No","No","No","Yes","143.0","N/A","742398","Firm"
"Boutique Luxury Condo In Midtown","https://www.airbnb.com/rooms/653773134264720859","653773134264720859","13051-16695","14603","121.69","52","233","40","17","None","28","Individual","1.0","2","140","Entire condo","Yes","Midscale","118","4.71","24","No","No","No","Yes","No","No","No","Yes","71.0","N/A","10656046","Strict"
"Upscale Midtown Convenience","https://www.airbnb.com/rooms/1006741561099559910","1006741561099559910","12073-18134","14976","55.06","80","341","19","32","Moderate","28","Small","1.0","2","68","Entire rental unit","Yes","Economy","25","4.78","9","No","No","No","Yes","No","No","No","No","86.0","N/A","106675828","Moderate"
"Beautiful & New Modern Midtown 1 Bed  Lower Unit","https://www.airbnb.com/rooms/989917132312868342","989917132312868342","13026-17207","15013","79.02","77","247","7","27","None","28","Small","1.0","2","80","Entire home","Yes","Midscale","50","4.66","29","No","No","No","Yes","No","No","No","Yes","66.0","N/A","60518071","Firm"
"Modern 1BR | Steps To Yonge & Eglinton -Shops, TTC","https://www.airbnb.com/rooms/41295124","41295124","12238-17360","15079","126.71","50","236","11","40","None","28","Small","1.0","2","140","Entire condo","Yes","Midscale","27","4.93","74","No","No","No","Yes","No","Yes","No","Yes","128.0","1","38885719","Strict"
"Yorkville Corporate Rental","https://www.airbnb.com/rooms/1227652316102895544","1227652316102895544","12679-17802","15337","98.32","97","161","74","32","Moderate","31","Moderate","1.0","3","109","Entire condo","Yes","Midscale","205","5","6","No","No","No","Yes","No","No","No","Yes","143.0","1","482664082","Firm"
"Decadent Private Designer Den, Just Like Home.","https://www.airbnb.com/rooms/14715527","14715527","13027-17670","15499","75.98","67","304","7","35","Low","28","Small","1.0","2","119","Entire rental unit","Yes","Midscale","62","4.71","38","No","No","No","Yes","No","No","No","Yes","107.0","N/A","377962","Moderate"
"Exquisite Yorkville 1 Bedroom Condo","https://www.airbnb.com/rooms/23695781","23695781","12021-19084","15716","92.99","92","183","52","41","Moderate","31","Small","1.0","2","102","Entire rental unit","Yes","Midscale","183","4.82","11","No","No","No","Yes","No","No","No","Yes","178.0","N/A","177012956","Firm"
"The Yorkville Severn Suite","https://www.airbnb.com/rooms/796962083420356333","796962083420356333","12558-19565","15988","90.33","86","207","70","42","Moderate","31","Small","1.0","2","109","Entire condo","Yes","Midscale","159","5","1","No","No","No","Yes","No","No","No","Yes","143.0","N/A","336838455","Super Strict 30 Days"
"1200 Sq Ft Private Space In Heart Of Forest Hill","https://www.airbnb.com/rooms/1497193484403289223","1497193484403289223","13617-18240","16018","390.69","48","86","12","8","Moderate","1","Small","2.0","4","387","Entire home","Yes","Upscale","96","5","8","No","No","No","Yes","No","No","No","Yes","107.0","1","399730808","Limited"
"Midtown TO Monthly Stay | 3 Min Subway | WFH Ready","https://www.airbnb.com/rooms/804641032336046712","804641032336046712","12953-18703","16024","49.15","99","329","28","33","Moderate","28","Small","1.0","2","80","Entire home","Yes","Economy","37","5","15","No","No","No","Yes","No","Yes","No","Yes","107.0","1","38188654","Flexible"
"Serviced Family Suite (L7N)","https://www.airbnb.com/rooms/869681152910200879","869681152910200879","14350-18451","16311","69.41","90","260","21","28","Low","28","Moderate","1.0","6","94","Entire rental unit","Yes","Midscale","105","4.65","31","No","No","No","Yes","No","No","No","Yes","28.0","N/A","8569918","Strict"
"Modern 1 Bedroom Dunfield Ave","https://www.airbnb.com/rooms/1457036914711287692","1457036914711287692","13141-19280","16424","139.19","87","135","25","9","Moderate","28","Small","1.0","4","149","Entire condo","Yes","Midscale","47","N/A","N/A","No","Yes","No","Yes","Yes","Yes","No","Yes","43.0","N/A","704983759","Firm"
"Sunnybrook 1 Bdrm 2 Bath Corner Terrace Condo.","https://www.airbnb.com/rooms/983982190874580850","983982190874580850","12546-20029","16506","85.52","89","217","72","36","None","30","Small","1.0","2","141","Entire condo","Yes","Midscale","86","5","3","No","Yes","Yes","Yes","Yes","No","No","Yes","178.0","N/A","31289306","Strict"
"Chic Midtown Toronto Suite / Newly Renovated","https://www.airbnb.com/rooms/672701618403378370","672701618403378370","14950-18148","16658","96.85","80","215","114","7","High","1","Individual","1.0","2","87","Entire guest suite","Yes","Midscale","151","4.92","61","No","No","Yes","Yes","No","No","No","Yes","43.0","1","2866616","Moderate"
"New York Loft\"  *Near Four Seasons Hotel\"*","https://www.airbnb.com/rooms/4867420","4867420","14306-19163","16829","135.71","34","363","1","26","None","30","Small","1.0","4","144","Entire loft","Yes","Midscale","3","4.96","49","No","No","No","Yes","No","Yes","No","Yes","161.0","1","25036890","Strict"
"Modern Yorkville One Bedroom Suite","https://www.airbnb.com/rooms/47350469","47350469","13146-20470","16840","86.8","76","256","58","44","Moderate","31","Small","1.0","2","105","Entire home","Yes","Midscale","110","4.67","3","No","No","No","Yes","No","No","No","Yes","143.0","N/A","335994135","Flexible"
"Spacious 1+ Den Yonge And Eglington Gem","https://www.airbnb.com/rooms/1329083473396510027","1329083473396510027","14100-19935","17374","91.92","72","264","23","39","None","28","Individual","1.0","2","120","Entire rental unit","Yes","Midscale","102","5","5","No","No","No","Yes","Yes","Yes","No","Yes","107.0","N/A","41839853","Moderate"
"1bdrm Midtown (full Unit) Near/Sunnybrook/Downtown","https://www.airbnb.com/rooms/7009449","7009449","15473-19380","17487","82.88","70","300","66","7","Moderate","2","Individual","1.0","2","98","Entire guest suite","Yes","Midscale","66","4.48","29","No","No","No","Yes","No","No","No","Yes","43.0","N/A","14657504","Flexible"
"Luxurious Leaside Condo - Midtown Toronto","https://www.airbnb.com/rooms/944495945003864644","944495945003864644","13620-20899","17504","124.14","76","186","3","40","Low","31","Individual","2.0","4","168","Entire rental unit","Yes","Midscale","14","4.4","5","No","No","No","Yes","No","No","No","Yes","0","N/A","432685780","Firm"
"Quaint Chic Yorkville Rental","https://www.airbnb.com/rooms/45504043","45504043","13508-21409","17627","114.46","81","191","5","27","Low","28","Small","1.0","3","194","Entire condo","Yes","Midscale","30","4.71","7","No","No","No","Yes","No","No","No","Yes","43.0","N/A","224292345","Flexible"
"Cozy Private Oasis In The Annex (Basement Apt)","https://www.airbnb.com/rooms/14088602","14088602","15939-19583","17689","99.38","81","219","47","7","Moderate","2","Individual","1.0","2","100","Entire rental unit","Yes","Midscale","147","4.65","142","No","No","No","Yes","No","Yes","No","Yes","57.0","N/A","57170337","Moderate"
"Beautiful And Cozy Home For Rental","https://www.airbnb.com/rooms/1856109","1856109","16444-19842","18224","87.62","65","319","40","4","Low","1","Individual","0.0","3","98","Entire guest suite","Yes","Midscale","47","4.75","679","No","No","No","No","No","No","No","Yes","36.0","1","1989442","Flexible"
"Large Lower Level Midtown Suite","https://www.airbnb.com/rooms/1446562366340803371","1446562366340803371","14585-21240","18406","103.99","98","181","74","31","Moderate","3","Individual","1.0","2","152","Entire guest suite","Yes","Midscale","87","5","5","No","No","No","Yes","No","No","No","Yes","89.0","1","300624125","Limited"
"Charming 1 Bedroom Apartment @ Eglinton & Bayview","https://www.airbnb.com/rooms/1350355454481092524","1350355454481092524","15954-20335","18480","78.3","83","285","40","14","High","3","Small","1.0","2","85","Entire rental unit","Yes","Midscale","37","4.7","20","No","No","No","No","No","No","No","No","106.0","1","25660537","Firm"
"60 DUPONT-MAIN","https://www.airbnb.com/rooms/574512741419247439","574512741419247439","14280-21655","18519","90.78","92","221","26","34","Low","28","Moderate","2.0","4","119","Entire rental unit","Yes","Midscale","145","4.83","12","No","No","No","Yes","No","No","No","Yes","107.0","N/A","94071526","Firm"
"Entire 1 Bedroom Rental Unit - Bright And Lovely","https://www.airbnb.com/rooms/549287726691060773","549287726691060773","14930-21931","18701","147.25","56","227","10","5","None","28","Individual","1.0","2","199","Entire rental unit","Yes","Upscale","28","5","1","No","No","No","Yes","No","No","No","Yes","115.0","N/A","43127349","Firm"
"Great Midtown Basement Appartment Near Subway","https://www.airbnb.com/rooms/30037646","30037646","15496-21182","18743","90.55","57","365","37","44","High","28","Small","1.0","2","100","Entire rental unit","Yes","Midscale","N/A","4.86","80","No","No","No","Yes","No","No","No","Yes","107.0","1","187782980","Flexible"
"Heart Of Midtown Toronto","https://www.airbnb.com/rooms/879796231486979086","879796231486979086","14934-23189","19385","215.39","34","265","58","26","High","30","Small","2.0","3","200","Entire condo","Yes","Upscale","101","5","6","No","No","No","Yes","No","Yes","No","Yes","0.0","1","9463250","Firm"
"Cozy 1-bedroom Apartment On Summerhill Ave","https://www.airbnb.com/rooms/21408074","21408074","15457-22770","19487","110.09","50","353","25","28","None","28","Small","1.0","2","203","Entire home","Yes","Midscale","13","4.81","27","No","No","No","Yes","No","No","No","No","46.0","N/A","153427761","Flexible"
"Modern  Midtown Condo Steps To Subway Amenities","https://www.airbnb.com/rooms/1295910152328599128","1295910152328599128","15503-23221","19710","72.2","91","301","98","33","Moderate","28","Large","1.0","2","85","Entire rental unit","Yes","Midscale","65","5","4","No","Yes","No","Yes","Yes","No","No","Yes","57.0","N/A","651601904","Flexible"
"Midtown Penthouse 1 Bedroom","https://www.airbnb.com/rooms/14880265","14880265","16543-22625","19750","95.87","58","356","12","32","None","28","Small","2.0","2","100","Entire rental unit","Yes","Midscale","N/A","4.75","16","No","No","No","Yes","No","No","No","Yes","94.0","N/A","39636814","Firm"
"938 Eglinton Ground Flr","https://www.airbnb.com/rooms/48146915","48146915","15732-23001","19792","72.23","83","331","55","28","None","28","Moderate","1.0","2","79","Entire rental unit","Yes","Midscale","35","4.96","25","No","No","No","Yes","No","No","No","Yes","71.0","1","94071526","Firm"
"YOUR HOME AWAY FROM HOME YONGE AND EGLINTON","https://www.airbnb.com/rooms/17652557","17652557","15152-24014","19809","117.21","68","247","11","43","Low","28","Individual","1.0","3","148","Entire condo","Yes","Midscale","119","5","11","No","Yes","No","Yes","Yes","No","No","Yes","108.0","N/A","111606404","Firm"
"Beautiful, Bright Apartment","https://www.airbnb.com/rooms/1286428300327365520","1286428300327365520","17159-24753","21161","153.34","80","172","16","19","Moderate","28","Individual","2.0","2","182","Entire rental unit","Yes","Upscale","194","N/A","N/A","No","Yes","No","No","Yes","No","No","No","0.0","N/A","69339330","Limited"
"Spacious, Unique Space, Parking Included","https://www.airbnb.com/rooms/22505005","22505005","17765-24349","21193","65.01","90","364","41","34","Moderate","28","Individual","1.0","2","92","Entire rental unit","Yes","Midscale","2","4.94","53","No","No","No","Yes","Yes","Yes","No","No","54.0","N/A","103603969","Firm"
"Casa Loma Apartment","https://www.airbnb.com/rooms/1419874717144742751","1419874717144742751","17944-24154","21211","189.38","52","215","27","10","Moderate","1","Individual","1.0","4","231","Entire rental unit","Yes","Upscale","88","5","10","No","No","No","Yes","No","No","No","No","106.0","1","55821813","Moderate"
"Modern Toronto Condo","https://www.airbnb.com/rooms/22616277","22616277","17283-24758","21459","115.37","78","240","18","23","Moderate","28","Individual","1.0","2","168","Entire condo","Yes","Midscale","126","5","9","No","No","No","Yes","No","No","No","Yes","107.0","1","40651066","Firm"
"Stunning Yorkville Lovely Suite With City View","https://www.airbnb.com/rooms/50587360","50587360","18549-24537","21550","137.26","57","274","47","27","None","28","Small","1.0","2","186","Entire condo","Yes","Midscale","92","4.66","62","No","No","No","Yes","No","Yes","No","Yes","92.0","N/A","408718067","Flexible"
"Yonge & Eglinton Condo Near Sunnybrook Hospital","https://www.airbnb.com/rooms/1173129011095484573","1173129011095484573","17046-26239","21839","72.31","89","339","66","39","None","28","Small","1.0","1","87","Entire rental unit","Yes","Midscale","27","5","4","No","No","No","Yes","Yes","No","No","Yes","57.0","N/A","75608217","Firm"
"Cozy Toronto Apartment Near Subway Station","https://www.airbnb.com/rooms/787953228629711156","787953228629711156","20153-24037","22170","92.76","72","332","37","16","Moderate","1","Individual","1.0","4","104","Entire rental unit","Yes","Midscale","34","4.67","123","No","No","No","Yes","No","No","No","No","50.0","N/A","10783643","Firm"
"Modern 1-Bedroom In Midtown TO - 4 Min Eglinton ST","https://www.airbnb.com/rooms/1362953643749501766","1362953643749501766","19600-24628","22263","222.63","82","122","66","12","Moderate","2","Individual","1.0","2","236","Entire condo","Yes","Upscale","199","4.9","41","No","Yes","No","Yes","Yes","No","No","Yes","N/A","1","165512575","Moderate"
"Dream Stay Near Eglinton/Yonge","https://www.airbnb.com/rooms/1214817751277514093","1214817751277514093","17656-27119","22713","93.09","86","284","9","32","High","28","Small","1.0","4","166","Entire condo","Yes","Midscale","1","5","3","No","No","No","Yes","No","No","No","Yes","107.0","N/A","593848913","Firm"
"Serviced Deluxe Famlily Suite (L6N)","https://www.airbnb.com/rooms/778467610206736503","778467610206736503","19409-26952","23221","84.75","76","361","27","25","Moderate","28","Moderate","1.0","4","108","Entire rental unit","Yes","Midscale","5","4.84","25","No","No","No","Yes","No","No","No","Yes","28.0","N/A","8569918","Strict"
"Apt In Quiet And Exclusive Neighbourhood.","https://www.airbnb.com/rooms/807324526598658162","807324526598658162","20171-26534","23510","113.03","61","340","6","14","None","29","Individual","1.0","2","129","Entire rental unit","Yes","Midscale","26","4.37","41","No","No","No","Yes","No","No","No","Yes","50.0","N/A","496796924","Firm"
"Spacious Midtown 1bedroom Apartment  Near Subway","https://www.airbnb.com/rooms/34480010","34480010","20589-27228","23701","110.24","80","269","12","33","High","28","Small","1.5","2","118","Entire rental unit","Yes","Midscale","52","4.94","17","No","No","No","Yes","No","No","No","Yes","36.0","N/A","187782980","Moderate"
"Spacious Midtown 1BDRM-Great View/Parking/ Gym","https://www.airbnb.com/rooms/700501861946320450","700501861946320450","19990-27898","23877","200.65","49","244","8","18","None","2","Large","1.0","2","248","Entire condo","Yes","Upscale","29","4.7","10","No","No","No","Yes","No","Yes","No","Yes","71.0","N/A","846505","Flexible"
"Toronto Yorkville - Sleeps 4!","https://www.airbnb.com/rooms/721915558606062508","721915558606062508","19464-28063","23884","306.2","24","320","4","4","None","60","Individual","1.0","4","396","Entire rental unit","Yes","Upscale","46","4.57","7","No","No","No","Yes","Yes","Yes","No","No","214.0","N/A","170398921","Moderate"
"Beautiful Annex-Yorkville Private Apartment.","https://www.airbnb.com/rooms/7109515","7109515","19824-27098","23978","148.93","95","169","21","33","None","28","Small","1.0","2","248","Entire home","Yes","Upscale","197","5","44","No","No","No","Yes","No","No","No","Yes","107.0","1","32705238","Firm"
"Beautiful Modern 1 Bedroom Suite Yonge/Lawrence","https://www.airbnb.com/rooms/30483104","30483104","20791-27548","24329","127.38","91","211","27","44","Moderate","28","Individual","1.0","4","255","Entire rental unit","Yes","Midscale","155","4.85","47","No","No","No","Yes","No","No","No","Yes","143.0","1","169102858","Firm"
"Cozy Private Space In Mid-town Toronto","https://www.airbnb.com/rooms/28383831","28383831","21414-27011","24472","113.29","77","279","70","11","Moderate","1","Small","1.0","2","137","Entire home","Yes","Midscale","87","4.93","148","No","No","No","No","No","No","No","Yes","46.0","1","73844473","Strict"
"60 Dupont","https://www.airbnb.com/rooms/37497710","37497710","19627-29136","24497","76.08","93","346","35","31","None","28","Moderate","1.0","2","94","Entire rental unit","Yes","Midscale","20","4.95","21","No","No","No","Yes","No","No","No","Yes","71.0","1","94071526","Firm"
"Serviced Deluxe Family Apartment( Self-contained)","https://www.airbnb.com/rooms/1668445","1668445","21178-27888","24540","116.31","87","243","42","39","Low","28","Moderate","1.0","5","174","Entire rental unit","Yes","Midscale","123","4.56","73","No","No","No","Yes","No","No","No","No","114.0","N/A","8569918","Strict"
"ChicMidtownOasis - Newly Built, Quality Features","https://www.airbnb.com/rooms/820381354494968689","820381354494968689","20823-27305","24641","121.38","90","225","98","15","Moderate","28","Individual","1.0","2","159","Entire guest suite","Yes","Midscale","141","4.98","44","No","No","No","Yes","No","No","No","Yes","65.0","1","106048776","Firm"
"Lovely 2BR Style + South East City View, Yorkville","https://www.airbnb.com/rooms/934762487582256596","934762487582256596","21492-28422","24742","150.86","88","187","33","28","High","28","Individual","1.0","3","181","Entire condo","Yes","Upscale","171","4.92","24","No","No","No","Yes","No","No","No","Yes","168.0","N/A","525474335","Firm"
"Modern 1 Bedroom Dunfield Ave Apartment","https://www.airbnb.com/rooms/1457007256237039105","1457007256237039105","19952-29564","25031","198.66","86","146","24","9","High","1","Small","1.0","4","260","Entire condo","Yes","Upscale","36","5","2","No","Yes","No","Yes","Yes","Yes","No","Yes","43.0","N/A","704983759","Moderate"
"Cozy 1 BR Basement Suite","https://www.airbnb.com/rooms/739336304932154693","739336304932154693","21180-28175","25178","211.58","64","185","71","9","Low","2","Individual","1.0","2","230","Entire guest suite","Yes","Upscale","181","4.91","44","No","No","No","Yes","No","No","No","Yes","64.0","1","96749795","Strict"
"Cheerful 1-bedroom Loft Apt In Midtown","https://www.airbnb.com/rooms/53595534","53595534","22520-28360","25652","152.69","62","271","39","5","Low","4","Small","1.0","3","172","Entire home","Yes","Upscale","85","4.95","80","No","No","No","No","No","No","No","Yes","71.0","N/A","434033296","Moderate"
"Yorkville Loft + Office -Near Four Seasons Hotel","https://www.airbnb.com/rooms/20241871","20241871","21724-29523","25752","130.06","56","354","33","36","Moderate","28","Small","1.0","3","146","Entire loft","Yes","Midscale","12","5","52","No","No","No","Yes","No","Yes","No","Yes","164.0","1","25036890","Strict"
"Modern 1BR Condo In Yorkville","https://www.airbnb.com/rooms/1348649450643597912","1348649450643597912","20091-31842","26266","145.12","75","242","16","32","None","31","Small","1.0","2","182","Entire rental unit","Yes","Upscale","124","5","2","No","No","No","Yes","No","No","No","Yes","72.0","N/A","2407865","Firm"
"Private Midtown Suite 5 Min Walk To Subway Station","https://www.airbnb.com/rooms/902866424744493261","902866424744493261","24103-28578","26317","142.25","56","330","26","6","Moderate","2","Individual","1.0","2","153","Entire home","Yes","Midscale","36","4.9","108","No","No","No","Yes","No","No","No","Yes","36.0","1","16666191","Flexible"
"Deluxe Family Apartment (self-contained, E1)","https://www.airbnb.com/rooms/53648402","53648402","20766-30734","26387","81.19","92","352","43","37","Low","28","Moderate","1.0","4","130","Entire rental unit","Yes","Midscale","14","4.8","20","No","No","No","Yes","No","No","No","Yes","49.0","N/A","8569918","Strict"
"Relaxing 950 Sqft Urban Boutique Suite","https://www.airbnb.com/rooms/990530361624570924","990530361624570924","23340-29834","26761","142.35","85","220","20","8","High","2","Individual","1.0","2","159","Entire guest suite","Yes","Midscale","146","4.91","47","No","No","No","No","No","No","No","Yes","43.0","1","539389953","Moderate"
"One Cozy Bedroom Apartment In Midtown","https://www.airbnb.com/rooms/1014518536777361334","1014518536777361334","23433-31418","28244","167.13","58","290","44","8","None","2","Small","1.0","2","197","Entire rental unit","Yes","Upscale","76","4.86","28","No","No","No","Yes","No","No","No","Yes","36.0","1","114187503","Firm"
"Colourful And Quiet In Midtown","https://www.airbnb.com/rooms/1174019499793388446","1174019499793388446","24802-31737","28535","116.95","99","246","35","6","Low","2","Individual","1.0","2","131","Entire rental unit","Yes","Midscale","120","4.84","19","No","No","No","Yes","No","No","No","No","50.0","1","25002554","Firm"
"Luxury Condo In Prestigious Toronto Neighbourhood","https://www.airbnb.com/rooms/53656352","53656352","23443-34620","28962","89.11","96","340","47","34","Moderate","28","Individual","1.0","2","129","Entire condo","Yes","Midscale","26","5","17","No","No","No","Yes","No","Yes","No","Yes","64.0","1","47218836","Firm"
"Trendy Chic Yorkville Condo With Gym","https://www.airbnb.com/rooms/1416204404444237637","1416204404444237637","24271-33822","28982","180.01","92","175","4","17","High","4","Individual","1.0","2","234","Entire condo","Yes","Upscale","93","4.83","6","No","No","No","Yes","No","No","No","Yes","125.0","N/A","694318633","Firm"
"Cozy Walkout Suite In Midtown","https://www.airbnb.com/rooms/662260012136258081","662260012136258081","25763-31546","29114","123.89","97","242","32","5","Moderate","1","Individual","1.0","2","137","Entire guest suite","Yes","Midscale","124","4.93","68","No","No","No","No","No","No","No","Yes","35.0","1","467274719","Moderate"
"Comfy Bungalow In Midtown TO","https://www.airbnb.com/rooms/1056804199557585708","1056804199557585708","26576-32502","29482","129.87","77","296","34","8","Moderate","1","Individual","1.0","2","142","Entire bungalow","Yes","Midscale","70","4.94","50","No","No","No","Yes","No","Yes","No","Yes","89.0","1","70972776","Flexible"
"Monthly Stay Toronto Mid-town","https://www.airbnb.com/rooms/1147099500470966067","1147099500470966067","26890-32904","29611","113.45","75","350","29","21","None","28","Individual","1.0","2","146","Entire home","Yes","Midscale","16","4.98","59","No","No","Yes","Yes","No","No","No","No","68.0","1","165235351","Moderate"
"Stylish Condo-Yonge & Eglinton/Midtown Toronto","https://www.airbnb.com/rooms/1430722967543786193","1430722967543786193","26043-33200","29624","200.16","89","167","50","12","High","2","Small","1.0","4","216","Entire condo","Yes","Upscale","101","4.95","22","No","No","No","Yes","Yes","Yes","No","Yes","92.0","1","689766194","Super Strict 60 Days"
"Chic Yorkville Pied-à-Terre | Stylish Retreat","https://www.airbnb.com/rooms/1145805775237949230","1145805775237949230","27519-32383","29991","166.61","56","319","35","4","Moderate","2","Individual","0.0","2","154","Entire condo","Yes","Upscale","30","4.82","74","No","No","No","Yes","No","Yes","No","Yes","32.0","N/A","226187559","Moderate"
"Private Home In The City","https://www.airbnb.com/rooms/818801317678480563","818801317678480563","25228-34520","30278","108.91","84","332","54","9","Low","14","Individual","1.0","2","134","Entire home","Yes","Midscale","34","4.71","28","No","Yes","No","Yes","No","No","No","Yes","61.0","N/A","23911924","Strict"
"Spotless; Prime Location; Breakfast, Near Stadium","https://www.airbnb.com/rooms/744250276325499459","744250276325499459","27776-33717","30950","175.85","50","349","28","6","Moderate","2","Individual","1.0","2","181","Entire guesthouse","Yes","Upscale","17","4.87","135","No","No","No","No","No","Yes","No","Yes","70.0","1","409080796","Moderate"
"Yorkville Loft W Rooftop Patio- Monthly Rental 302","https://www.airbnb.com/rooms/1178417433631663608","1178417433631663608","24417-37559","31994","148.81","87","246","13","27","High","28","Moderate","1.0","2","204","Entire rental unit","Yes","Upscale","120","5","5","No","No","No","Yes","No","No","No","Yes","151.0","1","1892773","Firm"
"Private Studio, Clean And Bright.","https://www.airbnb.com/rooms/51162962","51162962","29181-34599","32045","121.38","94","282","88","6","Moderate","2","Small","1.0","2","134","Entire guest suite","Yes","Midscale","84","4.97","107","No","No","No","Yes","No","Yes","No","Yes","61.0","1","2811687","Firm"
"Midtown Modern 1 Bedroom Suite","https://www.airbnb.com/rooms/25099050","25099050","29155-36614","33020","142.94","87","267","73","14","Moderate","1","Small","1.0","3","171","Entire rental unit","Yes","Midscale","99","4.95","161","No","No","No","Yes","No","No","No","Yes","85.0","1","3966446","Firm"
"Yorkville Magic. 
 Toronto's Finest Neighbourhood","https://www.airbnb.com/rooms/52217137","52217137","26817-39550","33627","101.28","91","364","62","40","Moderate","28","Small","1.0","3","140","Entire condo","Yes","Midscale","2","5","19","No","No","No","Yes","No","No","No","Yes","107.0","1","35630649","Strict"
"Serviced Deluxe King Studio Apartment","https://www.airbnb.com/rooms/1668582","1668582","29332-38746","33805","152.97","73","302","46","29","Low","28","Moderate","1.0","6","252","Entire rental unit","Yes","Upscale","64","4.67","76","No","No","No","Yes","No","No","No","Yes","106.0","N/A","8569918","Strict"
"Modern One Bedroom Apartment","https://www.airbnb.com/rooms/1348824219379295439","1348824219379295439","29193-38108","34123","179.59","83","230","25","14","None","28","Individual","1.0","2","197","Entire condo","Yes","Upscale","136","5","20","No","Yes","No","Yes","Yes","No","No","Yes","36.0","1","676863389","Limited"
"Crystal Clear 1-Bedroom + Den Condo With Pool","https://www.airbnb.com/rooms/569501001670420718","569501001670420718","29737-39325","34233","147.55","64","364","14","37","None","28","Individual","1.0","2","199","Entire condo","Yes","Upscale","2","4.96","69","No","Yes","No","Yes","Yes","No","No","Yes","107.0","1","394420999","Firm"
"Entire Penthouse One Bedroom Plus Den ( 2 Beds)","https://www.airbnb.com/rooms/38661244","38661244","30239-38880","34370","132.19","74","353","39","34","None","28","Individual","1.0","4","306","Entire condo","Yes","Midscale","13","4.91","272","No","Yes","No","Yes","Yes","No","No","Yes","54.0","1","87852475","Firm"
"Spacious Midtown Suite, Clean, Bright, Near Subway","https://www.airbnb.com/rooms/24558138","24558138","31457-37993","34706","109.48","90","353","45","19","High","1","Individual","1.5","4","140","Entire guest suite","Yes","Midscale","12","4.77","381","No","No","No","Yes","No","No","No","Yes","71.0","1","24054679","Firm"
"Secret Yorkville Retreat","https://www.airbnb.com/rooms/1198063886462312743","1198063886462312743","28847-39430","34891","430.75","30","266","52","25","None","28","Individual","1.0","2","547","Entire home","Yes","Upscale","100","4.92","24","No","No","No","Yes","No","No","No","Yes","31.0","1","431719536","Flexible"
"Mid-town T.O. Getaway - Conveniently Located","https://www.airbnb.com/rooms/20153310","20153310","32948-39446","36156","125.11","99","293","41","6","Low","1","Individual","1.0","2","137","Entire guest suite","Yes","Midscale","73","4.91","319","No","No","No","Yes","No","No","No","Yes","43.0","1","143390597","Moderate"
"Downtown Yorkville Home With Garden","https://www.airbnb.com/rooms/7602269","7602269","31153-41277","36454","157.81","81","285","37","42","Low","28","Individual","1.0","2","166","Entire home","Yes","Upscale","81","4.91","117","No","No","No","Yes","No","Yes","No","Yes","96.0","1","35097889","Firm"
"Bright Apartment In Casa Loma","https://www.airbnb.com/rooms/845828885294698327","845828885294698327","33969-40172","37070","172.42","64","336","28","6","High","1","Individual","1.0","3","164","Entire rental unit","Yes","Upscale","30","4.74","108","No","No","No","Yes","No","Yes","No","Yes","71.0","N/A","252605170","Limited"
"Serviced One Bedroom Apartment (self-contained)","https://www.airbnb.com/rooms/1169442454577017728","1169442454577017728","29491-43599","37153","129.9","78","366","72","30","Low","28","Moderate","1.0","4","205","Entire rental unit","Yes","Midscale","N/A","5","8","No","No","No","Yes","No","No","No","Yes","92.0","1","8569918","Strict"
"Amazing Yorkville Corner Suite","https://www.airbnb.com/rooms/50487279","50487279","32952-42624","38138","206.15","52","356","13","14","Moderate","1","Small","1.0","3","198","Entire condo","Yes","Upscale","10","4.57","69","No","Yes","No","Yes","No","Yes","No","Yes","429.0","N/A","161460462","Firm"
"Rosedale Garden Suite","https://www.airbnb.com/rooms/1045850788866634675","1045850788866634675","31916-44758","38532","214.06","49","365","18","11","Low","1","Individual","1.5","2","277","Entire guest suite","Yes","Upscale","1","5","15","No","No","No","Yes","No","No","No","Yes","71.0","1","33453118","Firm"
"Midtown Views","https://www.airbnb.com/rooms/20518703","20518703","33812-44715","38924","160.84","74","326","42","34","Moderate","28","Small","1.0","2","215","Entire condo","Yes","Upscale","40","4.84","217","No","Yes","No","Yes","Yes","No","No","Yes","0.0","N/A","107960489","Firm"
"1 Bedroom With Gym, Pool, Stores/6' Walk To Subway","https://www.airbnb.com/rooms/952985656917280329","952985656917280329","33217-43394","39280","196.4","55","361","34","8","Moderate","3","Individual","1.0","2","240","Entire condo","Yes","Upscale","5","4.89","46","No","No","No","Yes","Yes","No","No","Yes","32.0","1","226412407","Limited"
"1Bd+ Den Cozying Apartment In Midtown Toronto","https://www.airbnb.com/rooms/1381211536930121253","1381211536930121253","36381-43714","40197","208.27","85","226","47","6","None","1","Individual","1.0","3","229","Entire condo","Yes","Upscale","95","4.97","36","No","Yes","No","Yes","Yes","No","No","Yes","71.0","1","454338931","Moderate"
"Unrivaled Location On Yorkville Ave/2000 Sq Ft","https://www.airbnb.com/rooms/232794","232794","31429-50083","41238","169.71","95","255","30","35","None","28","Small","1.0","3","226","Entire condo","Yes","Upscale","111","4.88","8","No","No","No","Yes","No","Yes","No","Yes","143.0","N/A","1218097","Firm"
"Premium Yorkville Upgraded Rental- 28 Day Min.","https://www.airbnb.com/rooms/720236845633510932","720236845633510932","34816-48808","42003","129.24","89","366","17","30","Low","28","Individual","1.0","2","171","Entire condo","Yes","Midscale","N/A","5","20","No","No","No","Yes","No","No","No","Yes","57.0","1","113693717","Firm"
"Lux Yonge & Eglinton Gem | Parking | Gym | 65\" TV","https://www.airbnb.com/rooms/1308738383746141160","1308738383746141160","39007-47282","43207","177.8","86","281","24","19","High","2","Individual","1.0","2","177","Entire condo","Yes","Upscale","55","5","42","No","No","No","Yes","No","No","No","Yes","98.0","1","666348953","Super Strict 30 Days"
"Yorkville Modern Chic Condo","https://www.airbnb.com/rooms/1118248578943054579","1118248578943054579","37983-50162","44938","199.72","95","238","34","18","Moderate","4","Individual","1.0","3","218","Entire condo","Yes","Upscale","128","4.77","30","No","No","No","Yes","No","No","No","Yes","93.0","N/A","568433889","Firm"
"Modern New 1Bd+Den Condo Lillian St With Balcony","https://www.airbnb.com/rooms/1234756572208420375","1234756572208420375","37722-54171","46239","265.74","82","213","24","10","Moderate","28","Small","1.0","4","196","Entire condo","Yes","Upscale","153","N/A","N/A","No","Yes","No","Yes","Yes","Yes","No","Yes","50.0","N/A","597475721","Firm"
"1 Bedroom Apartment In Midtown Toronto","https://www.airbnb.com/rooms/1036558423218610263","1036558423218610263","41326-55997","48568","176.61","96","286","40","24","Moderate","3","Individual","1.0","4","247","Entire guest suite","Yes","Upscale","80","5","16","No","No","No","Yes","No","No","No","No","36.0","1","5828564","Moderate"
"Modern Private Suite By Subway W Free Parking","https://www.airbnb.com/rooms/612969552478578409","612969552478578409","45878-53534","49869","209.53","65","364","43","5","Moderate","3","Individual","1.0","4","233","Entire guest suite","Yes","Upscale","2","4.85","157","No","No","Yes","Yes","Yes","No","No","Yes","49.0","1","2766334","Firm"
"Cozy One Bedroom Dunfield Ave","https://www.airbnb.com/rooms/1305005388352955675","1305005388352955675","41886-57967","50127","204.6","86","286","30","9","Moderate","28","Small","1.0","4","201","Entire condo","Yes","Upscale","80","N/A","N/A","No","Yes","No","Yes","Yes","Yes","No","Yes","43.0","N/A","665374343","Firm"
"Steps To Four Seasons Hotel Yorkville Condo","https://www.airbnb.com/rooms/41793454","41793454","45888-54855","50964","182.67","79","353","18","17","Moderate","28","Individual","1.0","2","201","Entire condo","Yes","Upscale","13","4.89","172","No","No","No","Yes","No","No","No","Yes","71.0","1","330212349","Strict"
"SpectacularPenthouse VIEWS/ POOL /free Parking","https://www.airbnb.com/rooms/20724713","20724713","46417-56554","51121","205.31","91","273","68","9","Low","3","Individual","1.0","2","233","Entire condo","Yes","Upscale","86","4.94","291","No","Yes","No","Yes","Yes","No","No","Yes","75.0","1","148239797","Firm"
"Luxury Midtown Condo With Pool And Gym, Parking","https://www.airbnb.com/rooms/1099450355987342801","1099450355987342801","46809-55866","51221","175.41","81","360","50","16","High","1","Individual","1.0","3","193","Entire condo","Yes","Upscale","6","4.81","73","No","Yes","No","Yes","Yes","Yes","No","Yes","85.0","1","32312565","Firm"
"Gorgeous 1 Bedroom Apartment W/ Balcony. Yorkville","https://www.airbnb.com/rooms/1330876535112114358","1330876535112114358","46947-59428","52205","233.06","75","297","34","4","Moderate","28","Small","1.0","2","212","Entire condo","Yes","Upscale","69","N/A","N/A","No","No","No","Yes","No","Yes","No","Yes","43.0","N/A","671834031","Firm"
"Midtown Toronto Condo!","https://www.airbnb.com/rooms/1183447088305415129","1183447088305415129","47853-57386","52647","195.71","76","353","34","19","Moderate","2","Individual","1.0","2","233","Entire condo","Yes","Upscale","13","4.99","79","No","Yes","No","Yes","Yes","No","No","Yes","106.0","1","48547438","Moderate"
"1Brm 2beds 5*Cozy, Hot Tub, Midtown, Subway 5mins","https://www.airbnb.com/rooms/734281541089300699","734281541089300699","48528-57460","53162","193.32","75","365","74","14","High","1","Individual","1.0","3","204","Entire condo","Yes","Upscale","1","4.85","128","No","Yes","No","Yes","Yes","No","No","Yes","57.0","1","32321277","Firm"
"Luxury City Vacation Getaway","https://www.airbnb.com/rooms/873965988163817882","873965988163817882","47244-61838","54118","157.32","96","359","84","24","Low","6","Individual","1.0","2","204","Entire rental unit","Yes","Upscale","7","5","30","No","No","No","Yes","Yes","No","No","Yes","36.0","1","65520192","Flexible"
"Yorkville Toronto Breakfast Included","https://www.airbnb.com/rooms/16000929","16000929","48376-60457","54126","237.4","86","265","92","22","Moderate","3","Individual","1.0","2","263","Entire condo","Yes","Upscale","101","4.9","182","No","No","No","Yes","No","No","No","Yes","70.0","1","20068933","Moderate"
"Modern 1BD+Den Condo W/ Balcony Lillian St","https://www.airbnb.com/rooms/1343284206246950805","1343284206246950805","57692-73029","64153","223.53","85","338","32","8","Moderate","28","Small","1.0","5","197","Entire condo","Yes","Upscale","28","N/A","N/A","No","Yes","No","Yes","Yes","Yes","No","Yes","50.0","N/A","675444886","Firm"
"Luxurious Annex/Yorkville 1300 Sq Ft & Parking","https://www.airbnb.com/rooms/21263950","21263950","61047-79119","71455","473.21","42","358","48","8","Low","4","Individual","1.0","4","490","Entire rental unit","Yes","Upscale","8","4.94","118","No","No","No","Yes","No","No","No","Yes","71.0","1","153788315","Moderate"
"Forest 1bd+den In Yorkville 10 Floor","https://www.airbnb.com/rooms/889632085019516555","889632085019516555","64922-84473","73560","263.66","80","349","34","7","High","1","Small","1.0","3","285","Entire condo","Yes","Upscale","17","4.33","3","No","No","No","Yes","No","Yes","No","Yes","57.0","N/A","514379292","Moderate"
"Cozy 1 Bedroom Dunfield Ave","https://www.airbnb.com/rooms/1304305893118203960","1304305893118203960","63468-84677","76153","273.93","87","319","26","9","High","1","Small","1.0","4","292","Entire condo","Yes","Upscale","47","4.8","15","No","Yes","No","Yes","Yes","Yes","No","Yes","43.0","N/A","665374343","Moderate"
"Modern 1Bd+Den Condo With Balcony Lillian St","https://www.airbnb.com/rooms/1343244542117886842","1343244542117886842","67698-86538","76703","264.49","85","341","32","8","High","1","Small","1.0","5","283","Entire condo","Yes","Upscale","25","4.71","7","No","Yes","No","Yes","Yes","Yes","No","Yes","50.0","N/A","675444886","Moderate"